$heuristic,$transExt,$transExtDynamic,$heuristicVmtf,$eq3,$eq2,$eq5,$eq4,$heuristicUnit,$eq1,$transExtAll,$heuristicBerkmin,$transExtWeight,$transExtChoice,$eqFixpoint,$backprop,$heuristicVsids,$eq,$satPreproYes,$<SolvingTime
1,1,0,0,0,0,0,0,0,0,1,1,0,0,1,0,0,1,1,79200.0
1,1,0,0,0,0,0,0,0,0,1,1,0,0,1,1,0,1,1,80820.0
1,1,0,0,0,0,0,0,0,0,1,1,0,0,1,0,0,1,0,62240.0
1,1,0,0,0,0,0,0,0,0,1,1,0,0,1,1,0,1,0,66180.0
1,1,0,1,0,0,0,0,0,0,1,0,0,0,1,0,0,1,1,71660.0
1,1,0,1,0,0,0,0,0,0,1,0,0,0,1,1,0,1,1,74360.0
1,1,0,1,0,0,0,0,0,0,1,0,0,0,1,0,0,1,0,60100.0
1,1,0,1,0,0,0,0,0,0,1,0,0,0,1,1,0,1,0,62000.0
1,1,0,0,0,0,0,0,0,0,1,0,0,0,1,0,1,1,1,62420.0
1,1,0,0,0,0,0,0,0,0,1,0,0,0,1,1,1,1,1,64980.0
1,1,0,0,0,0,0,0,0,0,1,0,0,0,1,0,1,1,0,45540.0
1,1,0,0,0,0,0,0,0,0,1,0,0,0,1,1,1,1,0,48380.0
1,1,0,0,0,0,0,0,1,0,1,0,0,0,1,0,0,1,1,172500.0
1,1,0,0,0,0,0,0,1,0,1,0,0,0,1,1,0,1,1,166260.0
1,1,0,0,0,0,0,0,1,0,1,0,0,0,1,0,0,1,0,253900.0
1,1,0,0,0,0,0,0,1,0,1,0,0,0,1,1,0,1,0,239280.0
0,1,0,0,0,0,0,0,0,0,1,0,0,0,1,0,0,1,1,86280.0
0,1,0,0,0,0,0,0,0,0,1,0,0,0,1,1,0,1,1,84800.0
0,1,0,0,0,0,0,0,0,0,1,0,0,0,1,0,0,1,0,71740.0
0,1,0,0,0,0,0,0,0,0,1,0,0,0,1,1,0,1,0,72900.0
1,1,0,0,0,0,0,0,0,0,1,1,0,0,0,0,0,0,1,159680.0
1,1,0,0,0,0,0,0,0,0,1,1,0,0,0,1,0,0,1,156200.0
1,1,0,0,0,0,0,0,0,0,1,1,0,0,0,0,0,0,0,129680.0
1,1,0,0,0,0,0,0,0,0,1,1,0,0,0,1,0,0,0,121940.0
1,1,0,1,0,0,0,0,0,0,1,0,0,0,0,0,0,0,1,149660.0
1,1,0,1,0,0,0,0,0,0,1,0,0,0,0,1,0,0,1,151440.0
1,1,0,1,0,0,0,0,0,0,1,0,0,0,0,0,0,0,0,115680.0
1,1,0,1,0,0,0,0,0,0,1,0,0,0,0,1,0,0,0,123120.0
1,1,0,0,0,0,0,0,0,0,1,0,0,0,0,0,1,0,1,122880.0
1,1,0,0,0,0,0,0,0,0,1,0,0,0,0,1,1,0,1,122100.0
1,1,0,0,0,0,0,0,0,0,1,0,0,0,0,0,1,0,0,108180.0
1,1,0,0,0,0,0,0,0,0,1,0,0,0,0,1,1,0,0,101160.0
1,1,0,0,0,0,0,0,1,0,1,0,0,0,0,0,0,0,1,347500.0
1,1,0,0,0,0,0,0,1,0,1,0,0,0,0,1,0,0,1,343520.0
1,1,0,0,0,0,0,0,1,0,1,0,0,0,0,0,0,0,0,477060.0
1,1,0,0,0,0,0,0,1,0,1,0,0,0,0,1,0,0,0,459480.0
0,1,0,0,0,0,0,0,0,0,1,0,0,0,0,0,0,0,1,186620.0
0,1,0,0,0,0,0,0,0,0,1,0,0,0,0,1,0,0,1,184240.0
0,1,0,0,0,0,0,0,0,0,1,0,0,0,0,0,0,0,0,165320.0
0,1,0,0,0,0,0,0,0,0,1,0,0,0,0,1,0,0,0,166120.0
1,1,0,0,0,0,0,0,0,1,1,1,0,0,0,0,0,1,1,79460.0
1,1,0,0,0,0,0,0,0,1,1,1,0,0,0,1,0,1,1,81220.0
1,1,0,0,0,0,0,0,0,1,1,1,0,0,0,0,0,1,0,63060.0
1,1,0,0,0,0,0,0,0,1,1,1,0,0,0,1,0,1,0,66800.0
1,1,0,1,0,0,0,0,0,1,1,0,0,0,0,0,0,1,1,72200.0
1,1,0,1,0,0,0,0,0,1,1,0,0,0,0,1,0,1,1,74960.0
1,1,0,1,0,0,0,0,0,1,1,0,0,0,0,0,0,1,0,59880.0
1,1,0,1,0,0,0,0,0,1,1,0,0,0,0,1,0,1,0,61500.0
1,1,0,0,0,0,0,0,0,1,1,0,0,0,0,0,1,1,1,62660.0
1,1,0,0,0,0,0,0,0,1,1,0,0,0,0,1,1,1,1,64840.0
1,1,0,0,0,0,0,0,0,1,1,0,0,0,0,0,1,1,0,45620.0
1,1,0,0,0,0,0,0,0,1,1,0,0,0,0,1,1,1,0,48180.0
1,1,0,0,0,0,0,0,1,1,1,0,0,0,0,0,0,1,1,171320.0
1,1,0,0,0,0,0,0,1,1,1,0,0,0,0,1,0,1,1,168560.0
1,1,0,0,0,0,0,0,1,1,1,0,0,0,0,0,0,1,0,252960.0
1,1,0,0,0,0,0,0,1,1,1,0,0,0,0,1,0,1,0,237200.0
0,1,0,0,0,0,0,0,0,1,1,0,0,0,0,0,0,1,1,85320.0
0,1,0,0,0,0,0,0,0,1,1,0,0,0,0,1,0,1,1,84840.0
0,1,0,0,0,0,0,0,0,1,1,0,0,0,0,0,0,1,0,71480.0
0,1,0,0,0,0,0,0,0,1,1,0,0,0,0,1,0,1,0,73520.0
1,1,0,0,0,1,0,0,0,0,1,1,0,0,0,0,0,1,1,79300.0
1,1,0,0,0,1,0,0,0,0,1,1,0,0,0,1,0,1,1,80360.0
1,1,0,0,0,1,0,0,0,0,1,1,0,0,0,0,0,1,0,62900.0
1,1,0,0,0,1,0,0,0,0,1,1,0,0,0,1,0,1,0,66660.0
1,1,0,1,0,1,0,0,0,0,1,0,0,0,0,0,0,1,1,71720.0
1,1,0,1,0,1,0,0,0,0,1,0,0,0,0,1,0,1,1,74580.0
1,1,0,1,0,1,0,0,0,0,1,0,0,0,0,0,0,1,0,59980.0
1,1,0,1,0,1,0,0,0,0,1,0,0,0,0,1,0,1,0,61700.0
1,1,0,0,0,1,0,0,0,0,1,0,0,0,0,0,1,1,1,62340.0
1,1,0,0,0,1,0,0,0,0,1,0,0,0,0,1,1,1,1,64920.0
1,1,0,0,0,1,0,0,0,0,1,0,0,0,0,0,1,1,0,46180.0
1,1,0,0,0,1,0,0,0,0,1,0,0,0,0,1,1,1,0,48180.0
1,1,0,0,0,1,0,0,1,0,1,0,0,0,0,0,0,1,1,172360.0
1,1,0,0,0,1,0,0,1,0,1,0,0,0,0,1,0,1,1,168060.0
1,1,0,0,0,1,0,0,1,0,1,0,0,0,0,0,0,1,0,249940.0
1,1,0,0,0,1,0,0,1,0,1,0,0,0,0,1,0,1,0,239860.0
0,1,0,0,0,1,0,0,0,0,1,0,0,0,0,0,0,1,1,86260.0
0,1,0,0,0,1,0,0,0,0,1,0,0,0,0,1,0,1,1,84960.0
0,1,0,0,0,1,0,0,0,0,1,0,0,0,0,0,0,1,0,71500.0
0,1,0,0,0,1,0,0,0,0,1,0,0,0,0,1,0,1,0,74980.0
1,1,0,0,1,0,0,0,0,0,1,1,0,0,0,0,0,1,1,79260.0
1,1,0,0,1,0,0,0,0,0,1,1,0,0,0,1,0,1,1,80520.0
1,1,0,0,1,0,0,0,0,0,1,1,0,0,0,0,0,1,0,62960.0
1,1,0,0,1,0,0,0,0,0,1,1,0,0,0,1,0,1,0,66840.0
1,1,0,1,1,0,0,0,0,0,1,0,0,0,0,0,0,1,1,71960.0
1,1,0,1,1,0,0,0,0,0,1,0,0,0,0,1,0,1,1,74700.0
1,1,0,1,1,0,0,0,0,0,1,0,0,0,0,0,0,1,0,59300.0
1,1,0,1,1,0,0,0,0,0,1,0,0,0,0,1,0,1,0,61740.0
1,1,0,0,1,0,0,0,0,0,1,0,0,0,0,0,1,1,1,61980.0
1,1,0,0,1,0,0,0,0,0,1,0,0,0,0,1,1,1,1,65120.0
1,1,0,0,1,0,0,0,0,0,1,0,0,0,0,0,1,1,0,46280.0
1,1,0,0,1,0,0,0,0,0,1,0,0,0,0,1,1,1,0,47820.0
1,1,0,0,1,0,0,0,1,0,1,0,0,0,0,0,0,1,1,172340.0
1,1,0,0,1,0,0,0,1,0,1,0,0,0,0,1,0,1,1,167200.0
1,1,0,0,1,0,0,0,1,0,1,0,0,0,0,0,0,1,0,252960.0
1,1,0,0,1,0,0,0,1,0,1,0,0,0,0,1,0,1,0,238020.0
0,1,0,0,1,0,0,0,0,0,1,0,0,0,0,0,0,1,1,85180.0
0,1,0,0,1,0,0,0,0,0,1,0,0,0,0,1,0,1,1,85400.0
0,1,0,0,1,0,0,0,0,0,1,0,0,0,0,0,0,1,0,71140.0
0,1,0,0,1,0,0,0,0,0,1,0,0,0,0,1,0,1,0,73660.0
1,1,0,0,0,0,0,1,0,0,1,1,0,0,0,0,0,1,1,79040.0
1,1,0,0,0,0,0,1,0,0,1,1,0,0,0,1,0,1,1,81020.0
1,1,0,0,0,0,0,1,0,0,1,1,0,0,0,0,0,1,0,62980.0
1,1,0,0,0,0,0,1,0,0,1,1,0,0,0,1,0,1,0,66740.0
1,1,0,1,0,0,0,1,0,0,1,0,0,0,0,0,0,1,1,71980.0
1,1,0,1,0,0,0,1,0,0,1,0,0,0,0,1,0,1,1,74460.0
1,1,0,1,0,0,0,1,0,0,1,0,0,0,0,0,0,1,0,59360.0
1,1,0,1,0,0,0,1,0,0,1,0,0,0,0,1,0,1,0,62180.0
1,1,0,0,0,0,0,1,0,0,1,0,0,0,0,0,1,1,1,62080.0
1,1,0,0,0,0,0,1,0,0,1,0,0,0,0,1,1,1,1,64720.0
1,1,0,0,0,0,0,1,0,0,1,0,0,0,0,0,1,1,0,45900.0
1,1,0,0,0,0,0,1,0,0,1,0,0,0,0,1,1,1,0,47580.0
1,1,0,0,0,0,0,1,1,0,1,0,0,0,0,0,0,1,1,173740.0
1,1,0,0,0,0,0,1,1,0,1,0,0,0,0,1,0,1,1,166900.0
1,1,0,0,0,0,0,1,1,0,1,0,0,0,0,0,0,1,0,253840.0
1,1,0,0,0,0,0,1,1,0,1,0,0,0,0,1,0,1,0,236780.0
0,1,0,0,0,0,0,1,0,0,1,0,0,0,0,0,0,1,1,85480.0
0,1,0,0,0,0,0,1,0,0,1,0,0,0,0,1,0,1,1,84700.0
0,1,0,0,0,0,0,1,0,0,1,0,0,0,0,0,0,1,0,71880.0
0,1,0,0,0,0,0,1,0,0,1,0,0,0,0,1,0,1,0,73520.0
1,1,0,0,0,0,1,0,0,0,1,1,0,0,0,0,0,1,1,79160.0
1,1,0,0,0,0,1,0,0,0,1,1,0,0,0,1,0,1,1,80160.0
1,1,0,0,0,0,1,0,0,0,1,1,0,0,0,0,0,1,0,62940.0
1,1,0,0,0,0,1,0,0,0,1,1,0,0,0,1,0,1,0,66320.0
1,1,0,1,0,0,1,0,0,0,1,0,0,0,0,0,0,1,1,72280.0
1,1,0,1,0,0,1,0,0,0,1,0,0,0,0,1,0,1,1,74680.0
1,1,0,1,0,0,1,0,0,0,1,0,0,0,0,0,0,1,0,59800.0
1,1,0,1,0,0,1,0,0,0,1,0,0,0,0,1,0,1,0,62740.0
1,1,0,0,0,0,1,0,0,0,1,0,0,0,0,0,1,1,1,61960.0
1,1,0,0,0,0,1,0,0,0,1,0,0,0,0,1,1,1,1,64920.0
1,1,0,0,0,0,1,0,0,0,1,0,0,0,0,0,1,1,0,46200.0
1,1,0,0,0,0,1,0,0,0,1,0,0,0,0,1,1,1,0,48220.0
1,1,0,0,0,0,1,0,1,0,1,0,0,0,0,0,0,1,1,172260.0
1,1,0,0,0,0,1,0,1,0,1,0,0,0,0,1,0,1,1,169020.0
1,1,0,0,0,0,1,0,1,0,1,0,0,0,0,0,0,1,0,255000.0
1,1,0,0,0,0,1,0,1,0,1,0,0,0,0,1,0,1,0,236260.0
0,1,0,0,0,0,1,0,0,0,1,0,0,0,0,0,0,1,1,85740.0
0,1,0,0,0,0,1,0,0,0,1,0,0,0,0,1,0,1,1,84560.0
0,1,0,0,0,0,1,0,0,0,1,0,0,0,0,0,0,1,0,71600.0
0,1,0,0,0,0,1,0,0,0,1,0,0,0,0,1,0,1,0,73620.0
1,1,0,0,0,0,0,0,0,0,0,1,0,1,1,0,0,1,1,79600.0
1,1,0,0,0,0,0,0,0,0,0,1,0,1,1,1,0,1,1,80660.0
1,1,0,0,0,0,0,0,0,0,0,1,0,1,1,0,0,1,0,62040.0
1,1,0,0,0,0,0,0,0,0,0,1,0,1,1,1,0,1,0,67320.0
1,1,0,1,0,0,0,0,0,0,0,0,0,1,1,0,0,1,1,71820.0
1,1,0,1,0,0,0,0,0,0,0,0,0,1,1,1,0,1,1,74660.0
1,1,0,1,0,0,0,0,0,0,0,0,0,1,1,0,0,1,0,59440.0
1,1,0,1,0,0,0,0,0,0,0,0,0,1,1,1,0,1,0,61860.0
1,1,0,0,0,0,0,0,0,0,0,0,0,1,1,0,1,1,1,62300.0
1,1,0,0,0,0,0,0,0,0,0,0,0,1,1,1,1,1,1,65180.0
1,1,0,0,0,0,0,0,0,0,0,0,0,1,1,0,1,1,0,46000.0
1,1,0,0,0,0,0,0,0,0,0,0,0,1,1,1,1,1,0,47960.0
1,1,0,0,0,0,0,0,1,0,0,0,0,1,1,0,0,1,1,172940.0
1,1,0,0,0,0,0,0,1,0,0,0,0,1,1,1,0,1,1,165940.0
1,1,0,0,0,0,0,0,1,0,0,0,0,1,1,0,0,1,0,250360.0
1,1,0,0,0,0,0,0,1,0,0,0,0,1,1,1,0,1,0,237720.0
0,1,0,0,0,0,0,0,0,0,0,0,0,1,1,0,0,1,1,85300.0
0,1,0,0,0,0,0,0,0,0,0,0,0,1,1,1,0,1,1,83680.0
0,1,0,0,0,0,0,0,0,0,0,0,0,1,1,0,0,1,0,71180.0
0,1,0,0,0,0,0,0,0,0,0,0,0,1,1,1,0,1,0,73700.0
1,1,0,0,0,0,0,0,0,0,0,1,0,1,0,0,0,0,1,160940.0
1,1,0,0,0,0,0,0,0,0,0,1,0,1,0,1,0,0,1,155960.0
1,1,0,0,0,0,0,0,0,0,0,1,0,1,0,0,0,0,0,129420.0
1,1,0,0,0,0,0,0,0,0,0,1,0,1,0,1,0,0,0,122040.0
1,1,0,1,0,0,0,0,0,0,0,0,0,1,0,0,0,0,1,148960.0
1,1,0,1,0,0,0,0,0,0,0,0,0,1,0,1,0,0,1,146720.0
1,1,0,1,0,0,0,0,0,0,0,0,0,1,0,0,0,0,0,115160.0
1,1,0,1,0,0,0,0,0,0,0,0,0,1,0,1,0,0,0,122620.0
1,1,0,0,0,0,0,0,0,0,0,0,0,1,0,0,1,0,1,121320.0
1,1,0,0,0,0,0,0,0,0,0,0,0,1,0,1,1,0,1,120500.0
1,1,0,0,0,0,0,0,0,0,0,0,0,1,0,0,1,0,0,107800.0
1,1,0,0,0,0,0,0,0,0,0,0,0,1,0,1,1,0,0,101000.0
1,1,0,0,0,0,0,0,1,0,0,0,0,1,0,0,0,0,1,348600.0
1,1,0,0,0,0,0,0,1,0,0,0,0,1,0,1,0,0,1,344520.0
1,1,0,0,0,0,0,0,1,0,0,0,0,1,0,0,0,0,0,473360.0
1,1,0,0,0,0,0,0,1,0,0,0,0,1,0,1,0,0,0,459540.0
0,1,0,0,0,0,0,0,0,0,0,0,0,1,0,0,0,0,1,186240.0
0,1,0,0,0,0,0,0,0,0,0,0,0,1,0,1,0,0,1,180260.0
0,1,0,0,0,0,0,0,0,0,0,0,0,1,0,0,0,0,0,166020.0
0,1,0,0,0,0,0,0,0,0,0,0,0,1,0,1,0,0,0,166620.0
1,1,0,0,0,0,0,0,0,1,0,1,0,1,0,0,0,1,1,79260.0
1,1,0,0,0,0,0,0,0,1,0,1,0,1,0,1,0,1,1,80640.0
1,1,0,0,0,0,0,0,0,1,0,1,0,1,0,0,0,1,0,61860.0
1,1,0,0,0,0,0,0,0,1,0,1,0,1,0,1,0,1,0,67140.0
1,1,0,1,0,0,0,0,0,1,0,0,0,1,0,0,0,1,1,71860.0
1,1,0,1,0,0,0,0,0,1,0,0,0,1,0,1,0,1,1,74560.0
1,1,0,1,0,0,0,0,0,1,0,0,0,1,0,0,0,1,0,59420.0
1,1,0,1,0,0,0,0,0,1,0,0,0,1,0,1,0,1,0,61520.0
1,1,0,0,0,0,0,0,0,1,0,0,0,1,0,0,1,1,1,62400.0
1,1,0,0,0,0,0,0,0,1,0,0,0,1,0,1,1,1,1,64960.0
1,1,0,0,0,0,0,0,0,1,0,0,0,1,0,0,1,1,0,45440.0
1,1,0,0,0,0,0,0,0,1,0,0,0,1,0,1,1,1,0,47960.0
1,1,0,0,0,0,0,0,1,1,0,0,0,1,0,0,0,1,1,171860.0
1,1,0,0,0,0,0,0,1,1,0,0,0,1,0,1,0,1,1,167680.0
1,1,0,0,0,0,0,0,1,1,0,0,0,1,0,0,0,1,0,251900.0
1,1,0,0,0,0,0,0,1,1,0,0,0,1,0,1,0,1,0,237700.0
0,1,0,0,0,0,0,0,0,1,0,0,0,1,0,0,0,1,1,86020.0
0,1,0,0,0,0,0,0,0,1,0,0,0,1,0,1,0,1,1,84540.0
0,1,0,0,0,0,0,0,0,1,0,0,0,1,0,0,0,1,0,70720.0
0,1,0,0,0,0,0,0,0,1,0,0,0,1,0,1,0,1,0,72900.0
1,1,0,0,0,1,0,0,0,0,0,1,0,1,0,0,0,1,1,78880.0
1,1,0,0,0,1,0,0,0,0,0,1,0,1,0,1,0,1,1,80880.0
1,1,0,0,0,1,0,0,0,0,0,1,0,1,0,0,0,1,0,61700.0
1,1,0,0,0,1,0,0,0,0,0,1,0,1,0,1,0,1,0,66560.0
1,1,0,1,0,1,0,0,0,0,0,0,0,1,0,0,0,1,1,71860.0
1,1,0,1,0,1,0,0,0,0,0,0,0,1,0,1,0,1,1,74940.0
1,1,0,1,0,1,0,0,0,0,0,0,0,1,0,0,0,1,0,59160.0
1,1,0,1,0,1,0,0,0,0,0,0,0,1,0,1,0,1,0,61940.0
1,1,0,0,0,1,0,0,0,0,0,0,0,1,0,0,1,1,1,62260.0
1,1,0,0,0,1,0,0,0,0,0,0,0,1,0,1,1,1,1,64940.0
1,1,0,0,0,1,0,0,0,0,0,0,0,1,0,0,1,1,0,45560.0
1,1,0,0,0,1,0,0,0,0,0,0,0,1,0,1,1,1,0,48140.0
1,1,0,0,0,1,0,0,1,0,0,0,0,1,0,0,0,1,1,171400.0
1,1,0,0,0,1,0,0,1,0,0,0,0,1,0,1,0,1,1,166480.0
1,1,0,0,0,1,0,0,1,0,0,0,0,1,0,0,0,1,0,252580.0
1,1,0,0,0,1,0,0,1,0,0,0,0,1,0,1,0,1,0,241500.0
0,1,0,0,0,1,0,0,0,0,0,0,0,1,0,0,0,1,1,85400.0
0,1,0,0,0,1,0,0,0,0,0,0,0,1,0,1,0,1,1,84240.0
0,1,0,0,0,1,0,0,0,0,0,0,0,1,0,0,0,1,0,71480.0
0,1,0,0,0,1,0,0,0,0,0,0,0,1,0,1,0,1,0,73600.0
1,1,0,0,1,0,0,0,0,0,0,1,0,1,0,0,0,1,1,79060.0
1,1,0,0,1,0,0,0,0,0,0,1,0,1,0,1,0,1,1,80580.0
1,1,0,0,1,0,0,0,0,0,0,1,0,1,0,0,0,1,0,62080.0
1,1,0,0,1,0,0,0,0,0,0,1,0,1,0,1,0,1,0,66900.0
1,1,0,1,1,0,0,0,0,0,0,0,0,1,0,0,0,1,1,71900.0
1,1,0,1,1,0,0,0,0,0,0,0,0,1,0,1,0,1,1,74400.0
1,1,0,1,1,0,0,0,0,0,0,0,0,1,0,0,0,1,0,59440.0
1,1,0,1,1,0,0,0,0,0,0,0,0,1,0,1,0,1,0,61720.0
1,1,0,0,1,0,0,0,0,0,0,0,0,1,0,0,1,1,1,61980.0
1,1,0,0,1,0,0,0,0,0,0,0,0,1,0,1,1,1,1,64840.0
1,1,0,0,1,0,0,0,0,0,0,0,0,1,0,0,1,1,0,45960.0
1,1,0,0,1,0,0,0,0,0,0,0,0,1,0,1,1,1,0,48140.0
1,1,0,0,1,0,0,0,1,0,0,0,0,1,0,0,0,1,1,173480.0
1,1,0,0,1,0,0,0,1,0,0,0,0,1,0,1,0,1,1,166720.0
1,1,0,0,1,0,0,0,1,0,0,0,0,1,0,0,0,1,0,250840.0
1,1,0,0,1,0,0,0,1,0,0,0,0,1,0,1,0,1,0,237440.0
0,1,0,0,1,0,0,0,0,0,0,0,0,1,0,0,0,1,1,85720.0
0,1,0,0,1,0,0,0,0,0,0,0,0,1,0,1,0,1,1,84580.0
0,1,0,0,1,0,0,0,0,0,0,0,0,1,0,0,0,1,0,71100.0
0,1,0,0,1,0,0,0,0,0,0,0,0,1,0,1,0,1,0,73300.0
1,1,0,0,0,0,0,1,0,0,0,1,0,1,0,0,0,1,1,79660.0
1,1,0,0,0,0,0,1,0,0,0,1,0,1,0,1,0,1,1,80700.0
1,1,0,0,0,0,0,1,0,0,0,1,0,1,0,0,0,1,0,62140.0
1,1,0,0,0,0,0,1,0,0,0,1,0,1,0,1,0,1,0,67520.0
1,1,0,1,0,0,0,1,0,0,0,0,0,1,0,0,0,1,1,71920.0
1,1,0,1,0,0,0,1,0,0,0,0,0,1,0,1,0,1,1,74420.0
1,1,0,1,0,0,0,1,0,0,0,0,0,1,0,0,0,1,0,59140.0
1,1,0,1,0,0,0,1,0,0,0,0,0,1,0,1,0,1,0,61440.0
1,1,0,0,0,0,0,1,0,0,0,0,0,1,0,0,1,1,1,62060.0
1,1,0,0,0,0,0,1,0,0,0,0,0,1,0,1,1,1,1,64860.0
1,1,0,0,0,0,0,1,0,0,0,0,0,1,0,0,1,1,0,45580.0
1,1,0,0,0,0,0,1,0,0,0,0,0,1,0,1,1,1,0,47700.0
1,1,0,0,0,0,0,1,1,0,0,0,0,1,0,0,0,1,1,172620.0
1,1,0,0,0,0,0,1,1,0,0,0,0,1,0,1,0,1,1,166800.0
1,1,0,0,0,0,0,1,1,0,0,0,0,1,0,0,0,1,0,251560.0
1,1,0,0,0,0,0,1,1,0,0,0,0,1,0,1,0,1,0,239160.0
0,1,0,0,0,0,0,1,0,0,0,0,0,1,0,0,0,1,1,85580.0
0,1,0,0,0,0,0,1,0,0,0,0,0,1,0,1,0,1,1,84820.0
0,1,0,0,0,0,0,1,0,0,0,0,0,1,0,0,0,1,0,70620.0
0,1,0,0,0,0,0,1,0,0,0,0,0,1,0,1,0,1,0,73480.0
1,1,0,0,0,0,1,0,0,0,0,1,0,1,0,0,0,1,1,79640.0
1,1,0,0,0,0,1,0,0,0,0,1,0,1,0,1,0,1,1,81280.0
1,1,0,0,0,0,1,0,0,0,0,1,0,1,0,0,0,1,0,62280.0
1,1,0,0,0,0,1,0,0,0,0,1,0,1,0,1,0,1,0,66720.0
1,1,0,1,0,0,1,0,0,0,0,0,0,1,0,0,0,1,1,71660.0
1,1,0,1,0,0,1,0,0,0,0,0,0,1,0,1,0,1,1,74120.0
1,1,0,1,0,0,1,0,0,0,0,0,0,1,0,0,0,1,0,59840.0
1,1,0,1,0,0,1,0,0,0,0,0,0,1,0,1,0,1,0,62160.0
1,1,0,0,0,0,1,0,0,0,0,0,0,1,0,0,1,1,1,61680.0
1,1,0,0,0,0,1,0,0,0,0,0,0,1,0,1,1,1,1,65040.0
1,1,0,0,0,0,1,0,0,0,0,0,0,1,0,0,1,1,0,45740.0
1,1,0,0,0,0,1,0,0,0,0,0,0,1,0,1,1,1,0,48280.0
1,1,0,0,0,0,1,0,1,0,0,0,0,1,0,0,0,1,1,171700.0
1,1,0,0,0,0,1,0,1,0,0,0,0,1,0,1,0,1,1,167460.0
1,1,0,0,0,0,1,0,1,0,0,0,0,1,0,0,0,1,0,251540.0
1,1,0,0,0,0,1,0,1,0,0,0,0,1,0,1,0,1,0,239780.0
0,1,0,0,0,0,1,0,0,0,0,0,0,1,0,0,0,1,1,85680.0
0,1,0,0,0,0,1,0,0,0,0,0,0,1,0,1,0,1,1,84420.0
0,1,0,0,0,0,1,0,0,0,0,0,0,1,0,0,0,1,0,70860.0
0,1,0,0,0,0,1,0,0,0,0,0,0,1,0,1,0,1,0,73480.0
1,1,0,0,0,0,0,0,0,0,0,1,1,0,1,0,0,1,1,78820.0
1,1,0,0,0,0,0,0,0,0,0,1,1,0,1,1,0,1,1,80700.0
1,1,0,0,0,0,0,0,0,0,0,1,1,0,1,0,0,1,0,62340.0
1,1,0,0,0,0,0,0,0,0,0,1,1,0,1,1,0,1,0,66860.0
1,1,0,1,0,0,0,0,0,0,0,0,1,0,1,0,0,1,1,72120.0
1,1,0,1,0,0,0,0,0,0,0,0,1,0,1,1,0,1,1,74660.0
1,1,0,1,0,0,0,0,0,0,0,0,1,0,1,0,0,1,0,59500.0
1,1,0,1,0,0,0,0,0,0,0,0,1,0,1,1,0,1,0,62480.0
1,1,0,0,0,0,0,0,0,0,0,0,1,0,1,0,1,1,1,62080.0
1,1,0,0,0,0,0,0,0,0,0,0,1,0,1,1,1,1,1,65140.0
1,1,0,0,0,0,0,0,0,0,0,0,1,0,1,0,1,1,0,45960.0
1,1,0,0,0,0,0,0,0,0,0,0,1,0,1,1,1,1,0,47880.0
1,1,0,0,0,0,0,0,1,0,0,0,1,0,1,0,0,1,1,173900.0
1,1,0,0,0,0,0,0,1,0,0,0,1,0,1,1,0,1,1,167400.0
1,1,0,0,0,0,0,0,1,0,0,0,1,0,1,0,0,1,0,253300.0
1,1,0,0,0,0,0,0,1,0,0,0,1,0,1,1,0,1,0,239840.0
0,1,0,0,0,0,0,0,0,0,0,0,1,0,1,0,0,1,1,85400.0
0,1,0,0,0,0,0,0,0,0,0,0,1,0,1,1,0,1,1,84140.0
0,1,0,0,0,0,0,0,0,0,0,0,1,0,1,0,0,1,0,70820.0
0,1,0,0,0,0,0,0,0,0,0,0,1,0,1,1,0,1,0,73520.0
1,1,0,0,0,0,0,0,0,0,0,1,1,0,0,0,0,0,1,161720.0
1,1,0,0,0,0,0,0,0,0,0,1,1,0,0,1,0,0,1,155880.0
1,1,0,0,0,0,0,0,0,0,0,1,1,0,0,0,0,0,0,129140.0
1,1,0,0,0,0,0,0,0,0,0,1,1,0,0,1,0,0,0,122080.0
1,1,0,1,0,0,0,0,0,0,0,0,1,0,0,0,0,0,1,149380.0
1,1,0,1,0,0,0,0,0,0,0,0,1,0,0,1,0,0,1,148060.0
1,1,0,1,0,0,0,0,0,0,0,0,1,0,0,0,0,0,0,114920.0
1,1,0,1,0,0,0,0,0,0,0,0,1,0,0,1,0,0,0,122780.0
1,1,0,0,0,0,0,0,0,0,0,0,1,0,0,0,1,0,1,122460.0
1,1,0,0,0,0,0,0,0,0,0,0,1,0,0,1,1,0,1,120680.0
1,1,0,0,0,0,0,0,0,0,0,0,1,0,0,0,1,0,0,108140.0
1,1,0,0,0,0,0,0,0,0,0,0,1,0,0,1,1,0,0,101020.0
1,1,0,0,0,0,0,0,1,0,0,0,1,0,0,0,0,0,1,348920.0
1,1,0,0,0,0,0,0,1,0,0,0,1,0,0,1,0,0,1,344180.0
1,1,0,0,0,0,0,0,1,0,0,0,1,0,0,0,0,0,0,472860.0
1,1,0,0,0,0,0,0,1,0,0,0,1,0,0,1,0,0,0,461560.0
0,1,0,0,0,0,0,0,0,0,0,0,1,0,0,0,0,0,1,187040.0
0,1,0,0,0,0,0,0,0,0,0,0,1,0,0,1,0,0,1,181600.0
0,1,0,0,0,0,0,0,0,0,0,0,1,0,0,0,0,0,0,166560.0
0,1,0,0,0,0,0,0,0,0,0,0,1,0,0,1,0,0,0,166680.0
1,1,0,0,0,0,0,0,0,1,0,1,1,0,0,0,0,1,1,78840.0
1,1,0,0,0,0,0,0,0,1,0,1,1,0,0,1,0,1,1,80760.0
1,1,0,0,0,0,0,0,0,1,0,1,1,0,0,0,0,1,0,61800.0
1,1,0,0,0,0,0,0,0,1,0,1,1,0,0,1,0,1,0,67080.0
1,1,0,1,0,0,0,0,0,1,0,0,1,0,0,0,0,1,1,71820.0
1,1,0,1,0,0,0,0,0,1,0,0,1,0,0,1,0,1,1,75020.0
1,1,0,1,0,0,0,0,0,1,0,0,1,0,0,0,0,1,0,59400.0
1,1,0,1,0,0,0,0,0,1,0,0,1,0,0,1,0,1,0,62140.0
1,1,0,0,0,0,0,0,0,1,0,0,1,0,0,0,1,1,1,61960.0
1,1,0,0,0,0,0,0,0,1,0,0,1,0,0,1,1,1,1,64900.0
1,1,0,0,0,0,0,0,0,1,0,0,1,0,0,0,1,1,0,45980.0
1,1,0,0,0,0,0,0,0,1,0,0,1,0,0,1,1,1,0,48420.0
1,1,0,0,0,0,0,0,1,1,0,0,1,0,0,0,0,1,1,174480.0
1,1,0,0,0,0,0,0,1,1,0,0,1,0,0,1,0,1,1,166860.0
1,1,0,0,0,0,0,0,1,1,0,0,1,0,0,0,0,1,0,250380.0
1,1,0,0,0,0,0,0,1,1,0,0,1,0,0,1,0,1,0,238920.0
0,1,0,0,0,0,0,0,0,1,0,0,1,0,0,0,0,1,1,86260.0
0,1,0,0,0,0,0,0,0,1,0,0,1,0,0,1,0,1,1,84600.0
0,1,0,0,0,0,0,0,0,1,0,0,1,0,0,0,0,1,0,71320.0
0,1,0,0,0,0,0,0,0,1,0,0,1,0,0,1,0,1,0,73380.0
1,1,0,0,0,1,0,0,0,0,0,1,1,0,0,0,0,1,1,79000.0
1,1,0,0,0,1,0,0,0,0,0,1,1,0,0,1,0,1,1,80900.0
1,1,0,0,0,1,0,0,0,0,0,1,1,0,0,0,0,1,0,61900.0
1,1,0,0,0,1,0,0,0,0,0,1,1,0,0,1,0,1,0,67460.0
1,1,0,1,0,1,0,0,0,0,0,0,1,0,0,0,0,1,1,72520.0
1,1,0,1,0,1,0,0,0,0,0,0,1,0,0,1,0,1,1,74120.0
1,1,0,1,0,1,0,0,0,0,0,0,1,0,0,0,0,1,0,59480.0
1,1,0,1,0,1,0,0,0,0,0,0,1,0,0,1,0,1,0,61860.0
1,1,0,0,0,1,0,0,0,0,0,0,1,0,0,0,1,1,1,62080.0
1,1,0,0,0,1,0,0,0,0,0,0,1,0,0,1,1,1,1,64740.0
1,1,0,0,0,1,0,0,0,0,0,0,1,0,0,0,1,1,0,45760.0
1,1,0,0,0,1,0,0,0,0,0,0,1,0,0,1,1,1,0,47820.0
1,1,0,0,0,1,0,0,1,0,0,0,1,0,0,0,0,1,1,172820.0
1,1,0,0,0,1,0,0,1,0,0,0,1,0,0,1,0,1,1,165480.0
1,1,0,0,0,1,0,0,1,0,0,0,1,0,0,0,0,1,0,248940.0
1,1,0,0,0,1,0,0,1,0,0,0,1,0,0,1,0,1,0,236980.0
0,1,0,0,0,1,0,0,0,0,0,0,1,0,0,0,0,1,1,85540.0
0,1,0,0,0,1,0,0,0,0,0,0,1,0,0,1,0,1,1,84380.0
0,1,0,0,0,1,0,0,0,0,0,0,1,0,0,0,0,1,0,71060.0
0,1,0,0,0,1,0,0,0,0,0,0,1,0,0,1,0,1,0,73520.0
1,1,0,0,1,0,0,0,0,0,0,1,1,0,0,0,0,1,1,79140.0
1,1,0,0,1,0,0,0,0,0,0,1,1,0,0,1,0,1,1,80540.0
1,1,0,0,1,0,0,0,0,0,0,1,1,0,0,0,0,1,0,61700.0
1,1,0,0,1,0,0,0,0,0,0,1,1,0,0,1,0,1,0,66760.0
1,1,0,1,1,0,0,0,0,0,0,0,1,0,0,0,0,1,1,72140.0
1,1,0,1,1,0,0,0,0,0,0,0,1,0,0,1,0,1,1,74080.0
1,1,0,1,1,0,0,0,0,0,0,0,1,0,0,0,0,1,0,59380.0
1,1,0,1,1,0,0,0,0,0,0,0,1,0,0,1,0,1,0,61560.0
1,1,0,0,1,0,0,0,0,0,0,0,1,0,0,0,1,1,1,62080.0
1,1,0,0,1,0,0,0,0,0,0,0,1,0,0,1,1,1,1,64920.0
1,1,0,0,1,0,0,0,0,0,0,0,1,0,0,0,1,1,0,45700.0
1,1,0,0,1,0,0,0,0,0,0,0,1,0,0,1,1,1,0,47620.0
1,1,0,0,1,0,0,0,1,0,0,0,1,0,0,0,0,1,1,171300.0
1,1,0,0,1,0,0,0,1,0,0,0,1,0,0,1,0,1,1,168080.0
1,1,0,0,1,0,0,0,1,0,0,0,1,0,0,0,0,1,0,252560.0
1,1,0,0,1,0,0,0,1,0,0,0,1,0,0,1,0,1,0,238960.0
0,1,0,0,1,0,0,0,0,0,0,0,1,0,0,0,0,1,1,85280.0
0,1,0,0,1,0,0,0,0,0,0,0,1,0,0,1,0,1,1,84340.0
0,1,0,0,1,0,0,0,0,0,0,0,1,0,0,0,0,1,0,70800.0
0,1,0,0,1,0,0,0,0,0,0,0,1,0,0,1,0,1,0,72900.0
1,1,0,0,0,0,0,1,0,0,0,1,1,0,0,0,0,1,1,78920.0
1,1,0,0,0,0,0,1,0,0,0,1,1,0,0,1,0,1,1,80180.0
1,1,0,0,0,0,0,1,0,0,0,1,1,0,0,0,0,1,0,61980.0
1,1,0,0,0,0,0,1,0,0,0,1,1,0,0,1,0,1,0,67520.0
1,1,0,1,0,0,0,1,0,0,0,0,1,0,0,0,0,1,1,71940.0
1,1,0,1,0,0,0,1,0,0,0,0,1,0,0,1,0,1,1,74120.0
1,1,0,1,0,0,0,1,0,0,0,0,1,0,0,0,0,1,0,59100.0
1,1,0,1,0,0,0,1,0,0,0,0,1,0,0,1,0,1,0,61520.0
1,1,0,0,0,0,0,1,0,0,0,0,1,0,0,0,1,1,1,61980.0
1,1,0,0,0,0,0,1,0,0,0,0,1,0,0,1,1,1,1,65060.0
1,1,0,0,0,0,0,1,0,0,0,0,1,0,0,0,1,1,0,45680.0
1,1,0,0,0,0,0,1,0,0,0,0,1,0,0,1,1,1,0,47740.0
1,1,0,0,0,0,0,1,1,0,0,0,1,0,0,0,0,1,1,172980.0
1,1,0,0,0,0,0,1,1,0,0,0,1,0,0,1,0,1,1,165300.0
1,1,0,0,0,0,0,1,1,0,0,0,1,0,0,0,0,1,0,250660.0
1,1,0,0,0,0,0,1,1,0,0,0,1,0,0,1,0,1,0,236660.0
0,1,0,0,0,0,0,1,0,0,0,0,1,0,0,0,0,1,1,85960.0
0,1,0,0,0,0,0,1,0,0,0,0,1,0,0,1,0,1,1,84260.0
0,1,0,0,0,0,0,1,0,0,0,0,1,0,0,0,0,1,0,71020.0
0,1,0,0,0,0,0,1,0,0,0,0,1,0,0,1,0,1,0,72980.0
1,1,0,0,0,0,1,0,0,0,0,1,1,0,0,0,0,1,1,79420.0
1,1,0,0,0,0,1,0,0,0,0,1,1,0,0,1,0,1,1,80380.0
1,1,0,0,0,0,1,0,0,0,0,1,1,0,0,0,0,1,0,62160.0
1,1,0,0,0,0,1,0,0,0,0,1,1,0,0,1,0,1,0,67440.0
1,1,0,1,0,0,1,0,0,0,0,0,1,0,0,0,0,1,1,71840.0
1,1,0,1,0,0,1,0,0,0,0,0,1,0,0,1,0,1,1,74600.0
1,1,0,1,0,0,1,0,0,0,0,0,1,0,0,0,0,1,0,59020.0
1,1,0,1,0,0,1,0,0,0,0,0,1,0,0,1,0,1,0,61980.0
1,1,0,0,0,0,1,0,0,0,0,0,1,0,0,0,1,1,1,61880.0
1,1,0,0,0,0,1,0,0,0,0,0,1,0,0,1,1,1,1,64960.0
1,1,0,0,0,0,1,0,0,0,0,0,1,0,0,0,1,1,0,45720.0
1,1,0,0,0,0,1,0,0,0,0,0,1,0,0,1,1,1,0,48300.0
1,1,0,0,0,0,1,0,1,0,0,0,1,0,0,0,0,1,1,172360.0
1,1,0,0,0,0,1,0,1,0,0,0,1,0,0,1,0,1,1,164980.0
1,1,0,0,0,0,1,0,1,0,0,0,1,0,0,0,0,1,0,252220.0
1,1,0,0,0,0,1,0,1,0,0,0,1,0,0,1,0,1,0,236680.0
0,1,0,0,0,0,1,0,0,0,0,0,1,0,0,0,0,1,1,86180.0
0,1,0,0,0,0,1,0,0,0,0,0,1,0,0,1,0,1,1,83640.0
0,1,0,0,0,0,1,0,0,0,0,0,1,0,0,0,0,1,0,71000.0
0,1,0,0,0,0,1,0,0,0,0,0,1,0,0,1,0,1,0,73660.0
1,1,1,0,0,0,0,0,0,0,0,1,0,0,1,0,0,1,1,78900.0
1,1,1,0,0,0,0,0,0,0,0,1,0,0,1,1,0,1,1,80240.0
1,1,1,0,0,0,0,0,0,0,0,1,0,0,1,0,0,1,0,61600.0
1,1,1,0,0,0,0,0,0,0,0,1,0,0,1,1,0,1,0,67220.0
1,1,1,1,0,0,0,0,0,0,0,0,0,0,1,0,0,1,1,71600.0
1,1,1,1,0,0,0,0,0,0,0,0,0,0,1,1,0,1,1,74960.0
1,1,1,1,0,0,0,0,0,0,0,0,0,0,1,0,0,1,0,59660.0
1,1,1,1,0,0,0,0,0,0,0,0,0,0,1,1,0,1,0,62040.0
1,1,1,0,0,0,0,0,0,0,0,0,0,0,1,0,1,1,1,62000.0
1,1,1,0,0,0,0,0,0,0,0,0,0,0,1,1,1,1,1,64900.0
1,1,1,0,0,0,0,0,0,0,0,0,0,0,1,0,1,1,0,45580.0
1,1,1,0,0,0,0,0,0,0,0,0,0,0,1,1,1,1,0,47960.0
1,1,1,0,0,0,0,0,1,0,0,0,0,0,1,0,0,1,1,173000.0
1,1,1,0,0,0,0,0,1,0,0,0,0,0,1,1,0,1,1,167560.0
1,1,1,0,0,0,0,0,1,0,0,0,0,0,1,0,0,1,0,252760.0
1,1,1,0,0,0,0,0,1,0,0,0,0,0,1,1,0,1,0,242220.0
0,1,1,0,0,0,0,0,0,0,0,0,0,0,1,0,0,1,1,85380.0
0,1,1,0,0,0,0,0,0,0,0,0,0,0,1,1,0,1,1,83740.0
0,1,1,0,0,0,0,0,0,0,0,0,0,0,1,0,0,1,0,71180.0
0,1,1,0,0,0,0,0,0,0,0,0,0,0,1,1,0,1,0,73120.0
1,1,1,0,0,0,0,0,0,0,0,1,0,0,0,0,0,0,1,160140.0
1,1,1,0,0,0,0,0,0,0,0,1,0,0,0,1,0,0,1,156000.0
1,1,1,0,0,0,0,0,0,0,0,1,0,0,0,0,0,0,0,128840.0
1,1,1,0,0,0,0,0,0,0,0,1,0,0,0,1,0,0,0,122360.0
1,1,1,1,0,0,0,0,0,0,0,0,0,0,0,0,0,0,1,150140.0
1,1,1,1,0,0,0,0,0,0,0,0,0,0,0,1,0,0,1,147900.0
1,1,1,1,0,0,0,0,0,0,0,0,0,0,0,0,0,0,0,115380.0
1,1,1,1,0,0,0,0,0,0,0,0,0,0,0,1,0,0,0,123240.0
1,1,1,0,0,0,0,0,0,0,0,0,0,0,0,0,1,0,1,122440.0
1,1,1,0,0,0,0,0,0,0,0,0,0,0,0,1,1,0,1,121440.0
1,1,1,0,0,0,0,0,0,0,0,0,0,0,0,0,1,0,0,108060.0
1,1,1,0,0,0,0,0,0,0,0,0,0,0,0,1,1,0,0,101380.0
1,1,1,0,0,0,0,0,1,0,0,0,0,0,0,0,0,0,1,348960.0
1,1,1,0,0,0,0,0,1,0,0,0,0,0,0,1,0,0,1,345400.0
1,1,1,0,0,0,0,0,1,0,0,0,0,0,0,0,0,0,0,473740.0
1,1,1,0,0,0,0,0,1,0,0,0,0,0,0,1,0,0,0,459240.0
0,1,1,0,0,0,0,0,0,0,0,0,0,0,0,0,0,0,1,185760.0
0,1,1,0,0,0,0,0,0,0,0,0,0,0,0,1,0,0,1,183240.0
0,1,1,0,0,0,0,0,0,0,0,0,0,0,0,0,0,0,0,165320.0
0,1,1,0,0,0,0,0,0,0,0,0,0,0,0,1,0,0,0,165540.0
1,1,1,0,0,0,0,0,0,1,0,1,0,0,0,0,0,1,1,79240.0
1,1,1,0,0,0,0,0,0,1,0,1,0,0,0,1,0,1,1,81180.0
1,1,1,0,0,0,0,0,0,1,0,1,0,0,0,0,0,1,0,61680.0
1,1,1,0,0,0,0,0,0,1,0,1,0,0,0,1,0,1,0,66760.0
1,1,1,1,0,0,0,0,0,1,0,0,0,0,0,0,0,1,1,72180.0
1,1,1,1,0,0,0,0,0,1,0,0,0,0,0,1,0,1,1,74400.0
1,1,1,1,0,0,0,0,0,1,0,0,0,0,0,0,0,1,0,60080.0
1,1,1,1,0,0,0,0,0,1,0,0,0,0,0,1,0,1,0,61880.0
1,1,1,0,0,0,0,0,0,1,0,0,0,0,0,0,1,1,1,61900.0
1,1,1,0,0,0,0,0,0,1,0,0,0,0,0,1,1,1,1,64860.0
1,1,1,0,0,0,0,0,0,1,0,0,0,0,0,0,1,1,0,45560.0
1,1,1,0,0,0,0,0,0,1,0,0,0,0,0,1,1,1,0,47720.0
1,1,1,0,0,0,0,0,1,1,0,0,0,0,0,0,0,1,1,174980.0
1,1,1,0,0,0,0,0,1,1,0,0,0,0,0,1,0,1,1,166820.0
1,1,1,0,0,0,0,0,1,1,0,0,0,0,0,0,0,1,0,252160.0
1,1,1,0,0,0,0,0,1,1,0,0,0,0,0,1,0,1,0,238000.0
0,1,1,0,0,0,0,0,0,1,0,0,0,0,0,0,0,1,1,86080.0
0,1,1,0,0,0,0,0,0,1,0,0,0,0,0,1,0,1,1,83820.0
0,1,1,0,0,0,0,0,0,1,0,0,0,0,0,0,0,1,0,70840.0
0,1,1,0,0,0,0,0,0,1,0,0,0,0,0,1,0,1,0,73880.0
1,1,1,0,0,1,0,0,0,0,0,1,0,0,0,0,0,1,1,78960.0
1,1,1,0,0,1,0,0,0,0,0,1,0,0,0,1,0,1,1,80900.0
1,1,1,0,0,1,0,0,0,0,0,1,0,0,0,0,0,1,0,62660.0
1,1,1,0,0,1,0,0,0,0,0,1,0,0,0,1,0,1,0,66920.0
1,1,1,1,0,1,0,0,0,0,0,0,0,0,0,0,0,1,1,72020.0
1,1,1,1,0,1,0,0,0,0,0,0,0,0,0,1,0,1,1,74420.0
1,1,1,1,0,1,0,0,0,0,0,0,0,0,0,0,0,1,0,59560.0
1,1,1,1,0,1,0,0,0,0,0,0,0,0,0,1,0,1,0,61980.0
1,1,1,0,0,1,0,0,0,0,0,0,0,0,0,0,1,1,1,62500.0
1,1,1,0,0,1,0,0,0,0,0,0,0,0,0,1,1,1,1,65240.0
1,1,1,0,0,1,0,0,0,0,0,0,0,0,0,0,1,1,0,45600.0
1,1,1,0,0,1,0,0,0,0,0,0,0,0,0,1,1,1,0,47820.0
1,1,1,0,0,1,0,0,1,0,0,0,0,0,0,0,0,1,1,173980.0
1,1,1,0,0,1,0,0,1,0,0,0,0,0,0,1,0,1,1,166780.0
1,1,1,0,0,1,0,0,1,0,0,0,0,0,0,0,0,1,0,253000.0
1,1,1,0,0,1,0,0,1,0,0,0,0,0,0,1,0,1,0,237360.0
0,1,1,0,0,1,0,0,0,0,0,0,0,0,0,0,0,1,1,85740.0
0,1,1,0,0,1,0,0,0,0,0,0,0,0,0,1,0,1,1,84160.0
0,1,1,0,0,1,0,0,0,0,0,0,0,0,0,0,0,1,0,71160.0
0,1,1,0,0,1,0,0,0,0,0,0,0,0,0,1,0,1,0,72940.0
1,1,1,0,1,0,0,0,0,0,0,1,0,0,0,0,0,1,1,79600.0
1,1,1,0,1,0,0,0,0,0,0,1,0,0,0,1,0,1,1,80440.0
1,1,1,0,1,0,0,0,0,0,0,1,0,0,0,0,0,1,0,61920.0
1,1,1,0,1,0,0,0,0,0,0,1,0,0,0,1,0,1,0,66980.0
1,1,1,1,1,0,0,0,0,0,0,0,0,0,0,0,0,1,1,71720.0
1,1,1,1,1,0,0,0,0,0,0,0,0,0,0,1,0,1,1,74080.0
1,1,1,1,1,0,0,0,0,0,0,0,0,0,0,0,0,1,0,59400.0
1,1,1,1,1,0,0,0,0,0,0,0,0,0,0,1,0,1,0,61780.0
1,1,1,0,1,0,0,0,0,0,0,0,0,0,0,0,1,1,1,61920.0
1,1,1,0,1,0,0,0,0,0,0,0,0,0,0,1,1,1,1,64800.0
1,1,1,0,1,0,0,0,0,0,0,0,0,0,0,0,1,1,0,46000.0
1,1,1,0,1,0,0,0,0,0,0,0,0,0,0,1,1,1,0,48080.0
1,1,1,0,1,0,0,0,1,0,0,0,0,0,0,0,0,1,1,174380.0
1,1,1,0,1,0,0,0,1,0,0,0,0,0,0,1,0,1,1,166940.0
1,1,1,0,1,0,0,0,1,0,0,0,0,0,0,0,0,1,0,248400.0
1,1,1,0,1,0,0,0,1,0,0,0,0,0,0,1,0,1,0,237560.0
0,1,1,0,1,0,0,0,0,0,0,0,0,0,0,0,0,1,1,85520.0
0,1,1,0,1,0,0,0,0,0,0,0,0,0,0,1,0,1,1,84140.0
0,1,1,0,1,0,0,0,0,0,0,0,0,0,0,0,0,1,0,70560.0
0,1,1,0,1,0,0,0,0,0,0,0,0,0,0,1,0,1,0,73860.0
1,1,1,0,0,0,0,1,0,0,0,1,0,0,0,0,0,1,1,79020.0
1,1,1,0,0,0,0,1,0,0,0,1,0,0,0,1,0,1,1,80580.0
1,1,1,0,0,0,0,1,0,0,0,1,0,0,0,0,0,1,0,61840.0
1,1,1,0,0,0,0,1,0,0,0,1,0,0,0,1,0,1,0,67780.0
1,1,1,1,0,0,0,1,0,0,0,0,0,0,0,0,0,1,1,72520.0
1,1,1,1,0,0,0,1,0,0,0,0,0,0,0,1,0,1,1,75160.0
1,1,1,1,0,0,0,1,0,0,0,0,0,0,0,0,0,1,0,59380.0
1,1,1,1,0,0,0,1,0,0,0,0,0,0,0,1,0,1,0,61620.0
1,1,1,0,0,0,0,1,0,0,0,0,0,0,0,0,1,1,1,62100.0
1,1,1,0,0,0,0,1,0,0,0,0,0,0,0,1,1,1,1,64760.0
1,1,1,0,0,0,0,1,0,0,0,0,0,0,0,0,1,1,0,46380.0
1,1,1,0,0,0,0,1,0,0,0,0,0,0,0,1,1,1,0,48360.0
1,1,1,0,0,0,0,1,1,0,0,0,0,0,0,0,0,1,1,173840.0
1,1,1,0,0,0,0,1,1,0,0,0,0,0,0,1,0,1,1,166720.0
1,1,1,0,0,0,0,1,1,0,0,0,0,0,0,0,0,1,0,249880.0
1,1,1,0,0,0,0,1,1,0,0,0,0,0,0,1,0,1,0,237880.0
0,1,1,0,0,0,0,1,0,0,0,0,0,0,0,0,0,1,1,85520.0
0,1,1,0,0,0,0,1,0,0,0,0,0,0,0,1,0,1,1,84220.0
0,1,1,0,0,0,0,1,0,0,0,0,0,0,0,0,0,1,0,70660.0
0,1,1,0,0,0,0,1,0,0,0,0,0,0,0,1,0,1,0,73640.0
1,1,1,0,0,0,1,0,0,0,0,1,0,0,0,0,0,1,1,79660.0
1,1,1,0,0,0,1,0,0,0,0,1,0,0,0,1,0,1,1,81200.0
1,1,1,0,0,0,1,0,0,0,0,1,0,0,0,0,0,1,0,61920.0
1,1,1,0,0,0,1,0,0,0,0,1,0,0,0,1,0,1,0,66800.0
1,1,1,1,0,0,1,0,0,0,0,0,0,0,0,0,0,1,1,71740.0
1,1,1,1,0,0,1,0,0,0,0,0,0,0,0,1,0,1,1,75740.0
1,1,1,1,0,0,1,0,0,0,0,0,0,0,0,0,0,1,0,59840.0
1,1,1,1,0,0,1,0,0,0,0,0,0,0,0,1,0,1,0,62180.0
1,1,1,0,0,0,1,0,0,0,0,0,0,0,0,0,1,1,1,62160.0
1,1,1,0,0,0,1,0,0,0,0,0,0,0,0,1,1,1,1,64780.0
1,1,1,0,0,0,1,0,0,0,0,0,0,0,0,0,1,1,0,45640.0
1,1,1,0,0,0,1,0,0,0,0,0,0,0,0,1,1,1,0,47980.0
1,1,1,0,0,0,1,0,1,0,0,0,0,0,0,0,0,1,1,171080.0
1,1,1,0,0,0,1,0,1,0,0,0,0,0,0,1,0,1,1,165360.0
1,1,1,0,0,0,1,0,1,0,0,0,0,0,0,0,0,1,0,249760.0
1,1,1,0,0,0,1,0,1,0,0,0,0,0,0,1,0,1,0,236960.0
0,1,1,0,0,0,1,0,0,0,0,0,0,0,0,0,0,1,1,85800.0
0,1,1,0,0,0,1,0,0,0,0,0,0,0,0,1,0,1,1,84160.0
0,1,1,0,0,0,1,0,0,0,0,0,0,0,0,0,0,1,0,70900.0
0,1,1,0,0,0,1,0,0,0,0,0,0,0,0,1,0,1,0,73760.0
1,0,0,0,0,0,0,0,0,0,0,1,0,0,1,0,0,1,1,79260.0
1,0,0,0,0,0,0,0,0,0,0,1,0,0,1,1,0,1,1,80880.0
1,0,0,0,0,0,0,0,0,0,0,1,0,0,1,0,0,1,0,62920.0
1,0,0,0,0,0,0,0,0,0,0,1,0,0,1,1,0,1,0,66400.0
1,0,0,1,0,0,0,0,0,0,0,0,0,0,1,0,0,1,1,72240.0
1,0,0,1,0,0,0,0,0,0,0,0,0,0,1,1,0,1,1,75000.0
1,0,0,1,0,0,0,0,0,0,0,0,0,0,1,0,0,1,0,59580.0
1,0,0,1,0,0,0,0,0,0,0,0,0,0,1,1,0,1,0,62280.0
1,0,0,0,0,0,0,0,0,0,0,0,0,0,1,0,1,1,1,62400.0
1,0,0,0,0,0,0,0,0,0,0,0,0,0,1,1,1,1,1,64600.0
1,0,0,0,0,0,0,0,0,0,0,0,0,0,1,0,1,1,0,45980.0
1,0,0,0,0,0,0,0,0,0,0,0,0,0,1,1,1,1,0,47740.0
1,0,0,0,0,0,0,0,1,0,0,0,0,0,1,0,0,1,1,174180.0
1,0,0,0,0,0,0,0,1,0,0,0,0,0,1,1,0,1,1,167560.0
1,0,0,0,0,0,0,0,1,0,0,0,0,0,1,0,0,1,0,251060.0
1,0,0,0,0,0,0,0,1,0,0,0,0,0,1,1,0,1,0,236040.0
0,0,0,0,0,0,0,0,0,0,0,0,0,0,1,0,0,1,1,85960.0
0,0,0,0,0,0,0,0,0,0,0,0,0,0,1,1,0,1,1,84280.0
0,0,0,0,0,0,0,0,0,0,0,0,0,0,1,0,0,1,0,71640.0
0,0,0,0,0,0,0,0,0,0,0,0,0,0,1,1,0,1,0,73500.0
1,0,0,0,0,0,0,0,0,0,0,1,0,0,0,0,0,0,1,160580.0
1,0,0,0,0,0,0,0,0,0,0,1,0,0,0,1,0,0,1,156000.0
1,0,0,0,0,0,0,0,0,0,0,1,0,0,0,0,0,0,0,129480.0
1,0,0,0,0,0,0,0,0,0,0,1,0,0,0,1,0,0,0,121900.0
1,0,0,1,0,0,0,0,0,0,0,0,0,0,0,0,0,0,1,149380.0
1,0,0,1,0,0,0,0,0,0,0,0,0,0,0,1,0,0,1,149500.0
1,0,0,1,0,0,0,0,0,0,0,0,0,0,0,0,0,0,0,115560.0
1,0,0,1,0,0,0,0,0,0,0,0,0,0,0,1,0,0,0,122840.0
1,0,0,0,0,0,0,0,0,0,0,0,0,0,0,0,1,0,1,122180.0
1,0,0,0,0,0,0,0,0,0,0,0,0,0,0,1,1,0,1,120620.0
1,0,0,0,0,0,0,0,0,0,0,0,0,0,0,0,1,0,0,108320.0
1,0,0,0,0,0,0,0,0,0,0,0,0,0,0,1,1,0,0,101060.0
1,0,0,0,0,0,0,0,1,0,0,0,0,0,0,0,0,0,1,348320.0
1,0,0,0,0,0,0,0,1,0,0,0,0,0,0,1,0,0,1,344980.0
1,0,0,0,0,0,0,0,1,0,0,0,0,0,0,0,0,0,0,475980.0
1,0,0,0,0,0,0,0,1,0,0,0,0,0,0,1,0,0,0,460220.0
0,0,0,0,0,0,0,0,0,0,0,0,0,0,0,0,0,0,1,186720.0
0,0,0,0,0,0,0,0,0,0,0,0,0,0,0,1,0,0,1,182160.0
0,0,0,0,0,0,0,0,0,0,0,0,0,0,0,0,0,0,0,165200.0
0,0,0,0,0,0,0,0,0,0,0,0,0,0,0,1,0,0,0,165760.0
1,0,0,0,0,0,0,0,0,1,0,1,0,0,0,0,0,1,1,78980.0
1,0,0,0,0,0,0,0,0,1,0,1,0,0,0,1,0,1,1,80640.0
1,0,0,0,0,0,0,0,0,1,0,1,0,0,0,0,0,1,0,62460.0
1,0,0,0,0,0,0,0,0,1,0,1,0,0,0,1,0,1,0,66260.0
1,0,0,1,0,0,0,0,0,1,0,0,0,0,0,0,0,1,1,71840.0
1,0,0,1,0,0,0,0,0,1,0,0,0,0,0,1,0,1,1,74620.0
1,0,0,1,0,0,0,0,0,1,0,0,0,0,0,0,0,1,0,59660.0
1,0,0,1,0,0,0,0,0,1,0,0,0,0,0,1,0,1,0,62720.0
1,0,0,0,0,0,0,0,0,1,0,0,0,0,0,0,1,1,1,62140.0
1,0,0,0,0,0,0,0,0,1,0,0,0,0,0,1,1,1,1,64940.0
1,0,0,0,0,0,0,0,0,1,0,0,0,0,0,0,1,1,0,45800.0
1,0,0,0,0,0,0,0,0,1,0,0,0,0,0,1,1,1,0,47860.0
1,0,0,0,0,0,0,0,1,1,0,0,0,0,0,0,0,1,1,172100.0
1,0,0,0,0,0,0,0,1,1,0,0,0,0,0,1,0,1,1,167780.0
1,0,0,0,0,0,0,0,1,1,0,0,0,0,0,0,0,1,0,251040.0
1,0,0,0,0,0,0,0,1,1,0,0,0,0,0,1,0,1,0,236900.0
0,0,0,0,0,0,0,0,0,1,0,0,0,0,0,0,0,1,1,85200.0
0,0,0,0,0,0,0,0,0,1,0,0,0,0,0,1,0,1,1,84740.0
0,0,0,0,0,0,0,0,0,1,0,0,0,0,0,0,0,1,0,71600.0
0,0,0,0,0,0,0,0,0,1,0,0,0,0,0,1,0,1,0,74480.0
1,0,0,0,0,1,0,0,0,0,0,1,0,0,0,0,0,1,1,79300.0
1,0,0,0,0,1,0,0,0,0,0,1,0,0,0,1,0,1,1,80880.0
1,0,0,0,0,1,0,0,0,0,0,1,0,0,0,0,0,1,0,62960.0
1,0,0,0,0,1,0,0,0,0,0,1,0,0,0,1,0,1,0,66360.0
1,0,0,1,0,1,0,0,0,0,0,0,0,0,0,0,0,1,1,72100.0
1,0,0,1,0,1,0,0,0,0,0,0,0,0,0,1,0,1,1,74100.0
1,0,0,1,0,1,0,0,0,0,0,0,0,0,0,0,0,1,0,59360.0
1,0,0,1,0,1,0,0,0,0,0,0,0,0,0,1,0,1,0,61740.0
1,0,0,0,0,1,0,0,0,0,0,0,0,0,0,0,1,1,1,61800.0
1,0,0,0,0,1,0,0,0,0,0,0,0,0,0,1,1,1,1,65360.0
1,0,0,0,0,1,0,0,0,0,0,0,0,0,0,0,1,1,0,45880.0
1,0,0,0,0,1,0,0,0,0,0,0,0,0,0,1,1,1,0,47980.0
1,0,0,0,0,1,0,0,1,0,0,0,0,0,0,0,0,1,1,172960.0
1,0,0,0,0,1,0,0,1,0,0,0,0,0,0,1,0,1,1,166740.0
1,0,0,0,0,1,0,0,1,0,0,0,0,0,0,0,0,1,0,250300.0
1,0,0,0,0,1,0,0,1,0,0,0,0,0,0,1,0,1,0,237320.0
0,0,0,0,0,1,0,0,0,0,0,0,0,0,0,0,0,1,1,85080.0
0,0,0,0,0,1,0,0,0,0,0,0,0,0,0,1,0,1,1,84740.0
0,0,0,0,0,1,0,0,0,0,0,0,0,0,0,0,0,1,0,72060.0
0,0,0,0,0,1,0,0,0,0,0,0,0,0,0,1,0,1,0,73100.0
1,0,0,0,1,0,0,0,0,0,0,1,0,0,0,0,0,1,1,78800.0
1,0,0,0,1,0,0,0,0,0,0,1,0,0,0,1,0,1,1,81100.0
1,0,0,0,1,0,0,0,0,0,0,1,0,0,0,0,0,1,0,62320.0
1,0,0,0,1,0,0,0,0,0,0,1,0,0,0,1,0,1,0,66420.0
1,0,0,1,1,0,0,0,0,0,0,0,0,0,0,0,0,1,1,71680.0
1,0,0,1,1,0,0,0,0,0,0,0,0,0,0,1,0,1,1,74600.0
1,0,0,1,1,0,0,0,0,0,0,0,0,0,0,0,0,1,0,59260.0
1,0,0,1,1,0,0,0,0,0,0,0,0,0,0,1,0,1,0,62060.0
1,0,0,0,1,0,0,0,0,0,0,0,0,0,0,0,1,1,1,62060.0
1,0,0,0,1,0,0,0,0,0,0,0,0,0,0,1,1,1,1,65320.0
1,0,0,0,1,0,0,0,0,0,0,0,0,0,0,0,1,1,0,45760.0
1,0,0,0,1,0,0,0,0,0,0,0,0,0,0,1,1,1,0,47760.0
1,0,0,0,1,0,0,0,1,0,0,0,0,0,0,0,0,1,1,173560.0
1,0,0,0,1,0,0,0,1,0,0,0,0,0,0,1,0,1,1,166520.0
1,0,0,0,1,0,0,0,1,0,0,0,0,0,0,0,0,1,0,253080.0
1,0,0,0,1,0,0,0,1,0,0,0,0,0,0,1,0,1,0,240940.0
0,0,0,0,1,0,0,0,0,0,0,0,0,0,0,0,0,1,1,86120.0
0,0,0,0,1,0,0,0,0,0,0,0,0,0,0,1,0,1,1,84400.0
0,0,0,0,1,0,0,0,0,0,0,0,0,0,0,0,0,1,0,71720.0
0,0,0,0,1,0,0,0,0,0,0,0,0,0,0,1,0,1,0,73340.0
1,0,0,0,0,0,0,1,0,0,0,1,0,0,0,0,0,1,1,79280.0
1,0,0,0,0,0,0,1,0,0,0,1,0,0,0,1,0,1,1,81040.0
1,0,0,0,0,0,0,1,0,0,0,1,0,0,0,0,0,1,0,62940.0
1,0,0,0,0,0,0,1,0,0,0,1,0,0,0,1,0,1,0,66460.0
1,0,0,1,0,0,0,1,0,0,0,0,0,0,0,0,0,1,1,72160.0
1,0,0,1,0,0,0,1,0,0,0,0,0,0,0,1,0,1,1,74360.0
1,0,0,1,0,0,0,1,0,0,0,0,0,0,0,0,0,1,0,59740.0
1,0,0,1,0,0,0,1,0,0,0,0,0,0,0,1,0,1,0,61520.0
1,0,0,0,0,0,0,1,0,0,0,0,0,0,0,0,1,1,1,61960.0
1,0,0,0,0,0,0,1,0,0,0,0,0,0,0,1,1,1,1,64600.0
1,0,0,0,0,0,0,1,0,0,0,0,0,0,0,0,1,1,0,45540.0
1,0,0,0,0,0,0,1,0,0,0,0,0,0,0,1,1,1,0,48080.0
1,0,0,0,0,0,0,1,1,0,0,0,0,0,0,0,0,1,1,173140.0
1,0,0,0,0,0,0,1,1,0,0,0,0,0,0,1,0,1,1,167120.0
1,0,0,0,0,0,0,1,1,0,0,0,0,0,0,0,0,1,0,253960.0
1,0,0,0,0,0,0,1,1,0,0,0,0,0,0,1,0,1,0,236540.0
0,0,0,0,0,0,0,1,0,0,0,0,0,0,0,0,0,1,1,85300.0
0,0,0,0,0,0,0,1,0,0,0,0,0,0,0,1,0,1,1,84300.0
0,0,0,0,0,0,0,1,0,0,0,0,0,0,0,0,0,1,0,71720.0
0,0,0,0,0,0,0,1,0,0,0,0,0,0,0,1,0,1,0,73660.0
1,0,0,0,0,0,1,0,0,0,0,1,0,0,0,0,0,1,1,78760.0
1,0,0,0,0,0,1,0,0,0,0,1,0,0,0,1,0,1,1,81140.0
1,0,0,0,0,0,1,0,0,0,0,1,0,0,0,0,0,1,0,62740.0
1,0,0,0,0,0,1,0,0,0,0,1,0,0,0,1,0,1,0,66480.0
1,0,0,1,0,0,1,0,0,0,0,0,0,0,0,0,0,1,1,72600.0
1,0,0,1,0,0,1,0,0,0,0,0,0,0,0,1,0,1,1,74540.0
1,0,0,1,0,0,1,0,0,0,0,0,0,0,0,0,0,1,0,59560.0
1,0,0,1,0,0,1,0,0,0,0,0,0,0,0,1,0,1,0,61760.0
1,0,0,0,0,0,1,0,0,0,0,0,0,0,0,0,1,1,1,62080.0
1,0,0,0,0,0,1,0,0,0,0,0,0,0,0,1,1,1,1,64920.0
1,0,0,0,0,0,1,0,0,0,0,0,0,0,0,0,1,1,0,46060.0
1,0,0,0,0,0,1,0,0,0,0,0,0,0,0,1,1,1,0,47820.0
1,0,0,0,0,0,1,0,1,0,0,0,0,0,0,0,0,1,1,171520.0
1,0,0,0,0,0,1,0,1,0,0,0,0,0,0,1,0,1,1,167600.0
1,0,0,0,0,0,1,0,1,0,0,0,0,0,0,0,0,1,0,253200.0
1,0,0,0,0,0,1,0,1,0,0,0,0,0,0,1,0,1,0,239340.0
0,0,0,0,0,0,1,0,0,0,0,0,0,0,0,0,0,1,1,85680.0
0,0,0,0,0,0,1,0,0,0,0,0,0,0,0,1,0,1,1,84720.0
0,0,0,0,0,0,1,0,0,0,0,0,0,0,0,0,0,1,0,71320.0
0,0,0,0,0,0,1,0,0,0,0,0,0,0,0,1,0,1,0,73620.0
