$time_passes,$gvn,$instcombine,$inline,$jump_threading,$simplifycfg,$sccp,$print_used_types,$ipsccp,$iv_users,$licm,$<performance
1,0,0,0,0,0,0,0,0,0,0,38.4179044853383
1,0,0,0,0,0,1,0,0,1,0,62.3502855843184
1,0,0,1,0,1,0,0,1,1,0,135.41798076848593
1,0,1,1,1,1,0,1,1,1,1,210.13671287619013
1,1,1,1,1,1,0,0,0,0,1,159.5600595199354
1,1,1,1,1,1,0,0,0,1,1,196.33518824438352
1,1,1,1,1,1,0,1,0,0,1,144.41114413864523
1,1,1,1,1,1,0,1,0,1,1,181.1862728630933
1,1,1,1,1,1,0,0,1,0,1,202.3298977670243
1,1,1,1,1,1,0,1,1,0,1,189.5231064726141
1,1,1,1,1,1,0,0,1,1,1,239.10502649147242
1,1,1,1,1,1,0,1,1,1,1,226.2982351970622
1,0,1,1,1,1,1,0,0,0,1,158.9600340706753
1,0,0,1,0,1,0,1,0,0,0,53.43506926313869
1,0,1,1,1,1,1,0,0,1,1,195.73516279512341
1,0,1,1,1,1,1,0,1,0,1,203.6331959789842
1,0,1,1,1,1,1,0,1,1,1,240.4083247034323
1,1,1,1,1,1,1,0,0,0,1,178.99298728879737
1,1,1,1,1,1,1,0,1,0,1,221.7628255358863
1,1,1,1,1,1,1,0,0,1,1,215.76811601324547
1,1,1,1,1,1,1,0,1,1,1,258.5379542603344
1,0,1,1,1,1,1,1,0,0,1,143.81111868938513
1,0,1,1,1,1,1,1,0,1,1,180.5862474138332
1,1,1,1,1,1,1,1,0,0,1,163.84407190750716
1,0,0,1,0,1,0,1,1,0,0,85.8360607496276
1,1,1,1,1,1,1,1,0,1,1,200.61920063195527
1,0,1,1,1,1,1,1,1,0,1,190.826404684574
1,1,1,1,1,1,1,1,1,0,1,208.9560342414761
1,0,1,1,1,1,1,1,1,1,1,227.6015334090221
1,1,1,1,1,1,1,1,1,1,1,245.7311629659242
1,0,0,1,0,1,0,1,0,1,0,90.2101979875868
1,0,0,1,0,1,0,1,1,1,0,122.6111894740757
1,0,0,1,1,1,0,0,0,0,0,65.54037798412239
1,0,0,1,1,1,0,0,0,1,0,102.3155067085705
1,0,0,1,1,1,0,1,0,0,0,50.391462602832185
1,0,0,1,1,1,0,1,0,1,0,87.16659132728029
1,0,0,1,1,1,0,0,1,0,0,95.5992453837313
1,0,0,0,0,0,1,1,0,0,0,10.426241478580097
1,0,0,1,1,1,0,1,1,0,0,82.79245408932111
1,0,0,1,1,1,0,0,1,1,0,132.3743741081794
1,0,0,1,1,1,0,1,1,1,0,119.5675828137692
1,0,0,1,0,1,1,0,0,0,0,86.0488051772609
1,0,0,1,0,1,1,0,0,1,0,122.82393390170901
1,0,0,1,0,1,1,0,1,0,0,116.10767257686982
1,0,0,1,0,1,1,0,1,1,0,152.88280130131793
1,0,0,1,1,1,1,0,0,0,0,83.00519851695441
1,0,0,1,1,1,1,0,1,0,0,113.0640659165633
1,0,0,1,1,1,1,0,0,1,0,119.78032724140252
1,0,0,0,0,0,1,1,0,1,0,47.2013702030282
1,0,0,1,1,1,1,0,1,1,0,149.8391946410114
1,0,0,1,0,1,1,1,0,0,0,70.89988979597071
1,0,0,1,0,1,1,1,0,1,0,107.6750185204188
1,0,0,1,1,1,1,1,0,0,0,67.85628313566421
1,0,0,1,1,1,1,1,0,1,0,104.63141186011231
1,0,0,1,0,1,1,1,1,0,0,103.30088128245963
1,0,0,1,1,1,1,1,1,0,0,100.2572746221531
1,0,0,1,0,1,1,1,1,1,0,140.07601000690772
1,0,0,1,1,1,1,1,1,1,0,137.0324033466012
1,0,1,0,0,0,0,0,0,0,0,65.700919933818
1,0,0,0,0,0,1,0,1,0,0,40.2618234968792
1,0,1,0,0,0,0,0,0,1,0,102.47604865826611
1,0,1,0,0,0,0,0,1,0,0,80.38758657082691
1,0,1,0,0,0,0,0,1,1,0,117.162715295275
1,0,1,0,0,0,0,1,0,0,0,50.5520045525278
1,0,1,0,0,0,0,1,1,0,0,67.5807952764167
1,0,1,0,0,0,0,1,0,1,0,87.3271332769759
1,0,1,0,0,0,0,1,1,1,0,104.3559240008648
1,0,1,0,0,0,1,0,0,0,0,52.85817230835
1,0,1,0,0,0,1,0,0,1,0,89.6333010327981
1,0,1,0,0,0,1,1,0,0,0,37.7092569270598
1,0,0,0,0,0,1,1,1,0,0,27.455032202468992
1,0,1,0,0,0,1,1,0,1,0,74.48438565150789
1,0,1,0,0,0,1,0,1,0,0,67.5448389453589
1,0,1,0,0,0,1,1,1,0,0,54.738047650948694
1,0,1,0,0,0,1,0,1,1,0,104.319967669807
1,0,1,0,0,0,1,1,1,1,0,91.5131763753968
1,0,1,0,0,1,0,0,0,0,0,84.1710211292125
1,0,1,0,0,1,0,0,0,1,0,120.94614985366061
1,0,1,0,0,1,0,0,1,0,0,114.22988852882142
1,0,1,0,0,1,0,0,1,1,0,151.00501725326953
1,0,1,0,0,1,1,0,0,0,0,71.3282735037445
1,0,0,0,0,0,1,0,1,1,0,77.03695222132731
1,0,1,0,0,1,1,0,1,0,0,101.38714090335341
1,0,1,0,0,1,1,0,0,1,0,108.1034022281926
1,0,1,0,0,1,1,0,1,1,0,138.16226962780152
1,0,1,0,0,1,0,1,0,0,0,69.02210574792231
1,0,1,0,0,1,0,1,0,1,0,105.7972344723704
1,0,1,0,0,1,1,1,0,0,0,56.179358122454296
1,0,1,0,0,1,1,1,0,1,0,92.9544868469024
1,0,1,0,0,1,0,1,1,0,0,101.4230972344112
1,0,1,0,0,1,1,1,1,0,0,88.5803496089432
1,0,1,0,0,1,0,1,1,1,0,138.1982259588593
1,0,0,0,0,0,1,1,1,1,0,64.2301609269171
1,0,1,0,0,1,1,1,1,1,0,125.35547833339129
1,0,1,1,0,0,0,0,0,0,0,77.39689889751409
1,0,1,1,0,0,0,0,0,1,0,114.1720276219622
1,0,1,1,0,0,0,0,1,0,0,92.08356553452302
1,0,1,1,0,0,0,0,1,1,0,128.85869425897113
1,0,1,1,0,0,0,1,0,0,0,62.24798351622389
1,0,1,1,0,0,0,1,1,0,0,79.2767742401128
1,0,1,1,0,0,0,1,0,1,0,99.02311224067199
1,0,1,1,0,0,0,1,1,1,0,116.0519029645609
1,0,1,1,0,1,0,0,0,0,0,95.8670000929086
1,0,0,0,0,1,0,0,0,0,0,56.888005680732796
1,0,1,1,0,1,0,0,0,1,0,132.6421288173567
1,0,1,1,0,1,0,1,0,0,0,80.7180847116184
1,0,1,1,0,1,0,1,0,1,0,117.4932134360665
1,0,1,1,0,1,0,0,1,0,0,125.92586749251751
1,0,1,1,0,1,0,1,1,0,0,113.11907619810732
1,0,1,1,0,1,0,0,1,1,0,162.70099621696562
1,0,1,1,0,1,0,1,1,1,0,149.89420492255542
1,0,1,1,0,0,1,0,0,0,0,94.86171943034608
1,0,1,1,0,0,1,0,0,1,0,131.6368481547942
1,0,1,1,0,0,1,0,1,0,0,109.54838606735501
1,0,0,0,0,1,0,0,0,1,0,93.6631344051809
1,0,1,1,0,0,1,0,1,1,0,146.32351479180312
1,0,1,1,0,1,1,0,0,0,0,113.33182062574059
1,0,1,1,0,1,1,0,1,0,0,143.3906880253495
1,0,1,1,0,1,1,0,0,1,0,150.1069493501887
1,0,1,1,0,1,1,0,1,1,0,180.1658167497976
1,0,1,1,0,0,1,1,0,0,0,79.71280404905589
1,0,1,1,0,0,1,1,0,1,0,116.48793277350399
1,0,1,1,0,1,1,1,0,0,0,98.1829052444504
1,0,1,1,0,1,1,1,0,1,0,134.9580339688985
1,0,1,1,0,0,1,1,1,0,0,96.7415947729448
1,0,0,0,0,1,0,0,1,0,0,86.9468730803417
1,0,1,1,0,1,1,1,1,0,0,130.5838967309393
1,0,1,1,0,0,1,1,1,1,0,133.5167234973929
1,0,1,1,0,1,1,1,1,1,0,167.3590254553874
1,0,1,0,1,0,0,0,0,0,0,73.6029258521115
1,0,1,0,1,0,0,0,0,1,0,110.3780545765596
1,0,1,0,1,0,0,0,1,0,0,102.9038869978204
1,0,1,0,1,0,0,0,1,1,0,139.6790157222685
1,0,1,0,1,0,0,1,0,0,0,58.454010470821295
1,0,1,0,1,0,0,1,1,0,0,90.0970957034102
1,0,1,0,1,0,0,1,0,1,0,95.2291391952694
1,0,0,0,0,0,0,0,0,1,0,75.19303320978639
1,0,0,0,0,1,0,0,1,1,0,123.72200180478981
1,0,1,0,1,0,0,1,1,1,0,126.8722244278583
1,0,1,0,1,0,1,0,0,0,0,60.7601782266435
1,0,1,0,1,0,1,0,0,1,0,97.5353069510916
1,0,1,0,1,0,1,1,0,0,0,45.611262845353295
1,0,1,0,1,0,1,1,0,1,0,82.38639156980139
1,0,1,0,1,0,1,0,1,0,0,90.06113937235239
1,0,1,0,1,0,1,1,1,0,0,77.2543480779422
1,0,1,0,1,0,1,0,1,1,0,126.8362680968005
1,0,1,0,1,0,1,1,1,1,0,114.02947680239029
1,0,1,1,1,0,0,0,0,0,0,74.3532922372076
1,0,0,0,0,1,1,0,0,0,0,44.045258055264796
1,0,1,1,1,0,0,0,0,1,0,111.1284209616557
1,0,1,1,1,0,0,0,1,0,0,103.6542533829165
1,0,1,1,1,0,0,0,1,1,0,140.4293821073646
1,0,1,1,1,0,1,0,0,0,0,91.81811277003959
1,0,1,1,1,0,1,0,1,0,0,121.11907391574849
1,0,1,1,1,0,1,0,0,1,0,128.5932414944877
1,0,1,1,1,0,1,0,1,1,0,157.8942026401966
1,0,1,1,1,0,0,1,0,0,0,59.204376855917396
1,0,1,1,1,0,0,1,0,1,0,95.9795055803655
1,0,1,1,1,0,1,1,0,0,0,76.6691973887494
1,0,0,0,0,1,1,0,1,0,0,74.1041254548737
1,0,1,1,1,0,1,1,0,1,0,113.44432611319749
1,0,1,1,1,0,0,1,1,0,0,90.8474620885063
1,0,1,1,1,0,1,1,1,0,0,108.3122826213383
1,0,1,1,1,0,0,1,1,1,0,127.6225908129544
1,0,1,1,1,0,1,1,1,1,0,145.0874113457864
1,0,1,0,1,1,0,0,0,0,0,97.60527195290601
1,0,1,0,1,1,0,0,0,1,0,134.38040067735412
1,0,1,0,1,1,0,0,1,0,0,142.2784338612149
1,0,1,0,1,1,0,0,1,1,0,179.053562585663
1,0,1,0,1,1,0,1,0,0,0,82.45635657161581
1,0,0,0,0,1,1,0,0,1,0,80.82038677971289
1,0,1,0,1,1,0,1,1,0,0,129.4716425668047
1,0,1,0,1,1,0,1,0,1,0,119.23148529606391
1,0,1,0,1,1,0,1,1,1,0,166.2467712912528
1,0,1,1,1,1,0,0,0,0,0,98.35563833800211
1,0,1,1,1,1,0,0,0,1,0,135.13076706245022
1,0,1,1,1,1,0,1,0,0,0,83.20672295671191
1,0,1,1,1,1,0,1,0,1,0,119.98185168116001
1,0,1,1,1,1,0,0,1,0,0,143.02880024631102
1,0,1,1,1,1,0,1,1,0,0,130.2220089519008
1,0,1,1,1,1,0,0,1,1,0,179.80392897075913
1,0,0,0,0,1,1,0,1,1,0,110.8792541793218
1,0,1,1,1,1,0,1,1,1,0,166.9971376763489
1,0,1,0,1,1,1,0,0,0,0,84.762524327438
1,0,1,0,1,1,1,0,0,1,0,121.53765305188611
1,0,1,0,1,1,1,0,1,0,0,129.43568623574689
1,0,1,0,1,1,1,0,1,1,0,166.210814960195
1,0,1,1,1,1,1,0,0,0,0,115.8204588708341
1,0,1,1,1,1,1,0,1,0,0,160.49362077914301
1,0,1,1,1,1,1,0,0,1,0,152.5955875952822
1,0,1,1,1,1,1,0,1,1,0,197.26874950359112
1,0,1,0,1,1,1,1,0,0,0,69.6136089461478
1,0,0,0,0,1,0,1,0,0,0,41.739090299442594
1,0,1,0,1,1,1,1,0,1,0,106.3887376705959
1,0,1,1,1,1,1,1,0,0,0,100.67154348954391
1,0,1,1,1,1,1,1,0,1,0,137.446672213992
1,0,1,0,1,1,1,1,1,0,0,116.6288949413367
1,0,1,1,1,1,1,1,1,0,0,147.68682948473278
1,0,1,0,1,1,1,1,1,1,0,153.4040236657848
1,0,1,1,1,1,1,1,1,1,0,184.4619582091809
1,1,0,0,0,0,0,0,0,0,0,56.48275046743039
1,1,0,0,0,0,0,0,0,1,0,93.25787919187849
1,1,0,0,0,0,0,0,1,0,0,78.6068248983393
1,0,0,0,0,1,0,1,0,1,0,78.51421902389069
1,1,0,0,0,0,0,0,1,1,0,115.38195362278739
1,1,0,0,0,0,0,1,0,0,0,41.33383508614019
1,1,0,0,0,0,0,1,1,0,0,65.8000336039291
1,1,0,0,0,0,0,1,0,1,0,78.10896381058829
1,1,0,0,0,0,0,1,1,1,0,102.57516232837719
1,1,0,0,0,0,1,0,0,0,0,45.6081100779924
1,1,0,0,0,0,1,0,0,1,0,82.3832388024405
1,1,0,0,0,0,1,1,0,0,0,30.4591946967022
1,1,0,0,0,0,1,1,0,1,0,67.2343234211503
1,1,0,0,0,0,1,0,1,0,0,67.7321845089013
1,0,0,0,0,1,1,1,0,0,0,28.896342673974594
1,1,0,0,0,0,1,1,1,0,0,54.92539321449109
1,1,0,0,0,0,1,0,1,1,0,104.50731323334941
1,1,0,0,0,0,1,1,1,1,0,91.70052193893919
1,1,0,0,0,1,0,0,0,0,0,74.95285166282488
1,1,0,0,0,1,0,0,0,1,0,111.72798038727299
1,1,0,0,0,1,0,0,1,0,0,112.4491268563338
1,1,0,0,0,1,0,0,1,1,0,149.22425558078191
1,1,0,0,0,1,1,0,0,0,0,64.0782112733869
1,1,0,0,0,1,1,0,1,0,0,101.57448646689579
1,1,0,0,0,1,1,0,0,1,0,100.85333999783501
1,0,0,0,0,1,1,1,0,1,0,65.6714713984227
1,1,0,0,0,1,1,0,1,1,0,138.3496151913439
1,1,0,0,0,1,0,1,0,0,0,59.80393628153468
1,1,0,0,0,1,0,1,0,1,0,96.57906500598278
1,1,0,0,0,1,1,1,0,0,0,48.9292958920967
1,1,0,0,0,1,1,1,0,1,0,85.7044246165448
1,1,0,0,0,1,0,1,1,0,0,99.64233556192362
1,1,0,0,0,1,1,1,1,0,0,88.7676951724856
1,1,0,0,0,1,0,1,1,1,0,136.4174642863717
1,1,0,0,0,1,1,1,1,1,0,125.5428238969337
1,1,0,0,1,0,0,0,0,0,0,64.38475638572388
1,0,0,0,0,1,0,1,1,0,0,74.14008178593151
1,1,0,0,1,0,0,0,0,1,0,101.15988511017198
1,1,0,0,1,0,0,0,1,0,0,86.50883081663278
1,1,0,0,1,0,0,0,1,1,0,123.28395954108089
1,1,0,0,1,0,0,1,0,0,0,49.235841004433674
1,1,0,0,1,0,0,1,1,0,0,73.70203952222259
1,1,0,0,1,0,0,1,0,1,0,86.01096972888178
1,1,0,0,1,0,0,1,1,1,0,110.47716824667069
1,1,0,0,1,1,0,0,0,0,0,82.85485758111838
1,1,0,0,1,1,0,0,0,1,0,119.62998630556649
1,1,0,0,1,1,0,1,0,0,0,67.70594219982819
1,0,0,0,0,0,0,0,1,0,0,53.1045711223472
1,0,0,0,0,1,1,1,1,0,0,61.29733416046349
1,1,0,0,1,1,0,1,0,1,0,104.48107092427628
1,1,0,0,1,1,0,0,1,0,0,120.3511327746273
1,1,0,0,1,1,0,1,1,0,0,107.54434148021711
1,1,0,0,1,1,0,0,1,1,0,157.1262614990754
1,1,0,0,1,1,0,1,1,1,0,144.3194702046652
1,1,0,0,1,0,1,0,0,0,0,53.5101159962859
1,1,0,0,1,0,1,0,0,1,0,90.285244720734
1,1,0,0,1,0,1,0,1,0,0,75.6341904271948
1,1,0,0,1,0,1,0,1,1,0,112.4093191516429
1,1,0,0,1,1,1,0,0,0,0,71.9802171916804
1,0,0,0,0,1,0,1,1,1,0,110.91521051037961
1,1,0,0,1,1,1,0,1,0,0,109.47649238518929
1,1,0,0,1,1,1,0,0,1,0,108.7553459161285
1,1,0,0,1,1,1,0,1,1,0,146.2516211096374
1,1,0,0,1,0,1,1,0,0,0,38.361200614995695
1,1,0,0,1,0,1,1,0,1,0,75.13632933944379
1,1,0,0,1,1,1,1,0,0,0,56.831301810390194
1,1,0,0,1,1,1,1,0,1,0,93.6064305348383
1,1,0,0,1,0,1,1,1,0,0,62.827399132784564
1,1,0,0,1,1,1,1,1,0,0,96.6697010907791
1,1,0,0,1,0,1,1,1,1,0,99.60252785723267
1,0,0,0,0,1,1,1,1,1,0,98.0724628849116
1,1,0,0,1,1,1,1,1,1,0,133.4448298152272
1,1,1,0,0,0,0,0,0,0,0,83.7657659159101
1,1,1,0,0,0,0,0,0,1,0,120.5408946403582
1,1,1,0,0,0,0,0,1,0,0,105.889840346819
1,1,1,0,0,0,0,0,1,1,0,142.6649690712671
1,1,1,0,0,0,0,1,0,0,0,68.6168505346199
1,1,1,0,0,0,0,1,1,0,0,93.08304905240881
1,1,1,0,0,0,0,1,0,1,0,105.391979259068
1,1,1,0,0,0,0,1,1,1,0,129.8581777768569
1,1,1,0,0,0,1,0,0,0,0,72.89112552647211
1,0,0,0,1,0,0,0,0,0,0,46.31991040363179
1,1,1,0,0,0,1,0,0,1,0,109.66625425092022
1,1,1,0,0,0,1,1,0,0,0,57.74221014518191
1,1,1,0,0,0,1,1,0,1,0,94.51733886963001
1,1,1,0,0,0,1,0,1,0,0,95.01519995738101
1,1,1,0,0,0,1,1,1,0,0,82.2084086629708
1,1,1,0,0,0,1,0,1,1,0,131.79032868182912
1,1,1,0,0,0,1,1,1,1,0,118.98353738741889
1,1,1,0,1,0,0,0,0,0,0,91.66777183420359
1,1,1,0,1,0,0,0,0,1,0,128.4429005586517
1,1,1,0,1,0,0,0,1,0,0,128.4061407738125
1,0,0,0,1,0,0,0,0,1,0,83.09503912807989
1,1,1,0,1,0,0,0,1,1,0,165.1812694982606
1,1,1,0,1,0,1,0,0,0,0,80.79313144476558
1,1,1,0,1,0,1,0,1,0,0,117.53150038437448
1,1,1,0,1,0,1,0,0,1,0,117.56826016921369
1,1,1,0,1,0,1,0,1,1,0,154.3066291088226
1,1,1,0,1,0,0,1,0,0,0,76.5188564529134
1,1,1,0,1,0,0,1,0,1,0,113.29398517736149
1,1,1,0,1,0,1,1,0,0,0,65.64421606347538
1,1,1,0,1,0,1,1,0,1,0,102.41934478792348
1,1,1,0,1,0,0,1,1,0,0,115.5993494794023
1,0,0,0,1,0,0,0,1,0,0,61.00657704064069
1,1,1,0,1,0,1,1,1,0,0,104.72470908996429
1,1,1,0,1,0,0,1,1,1,0,152.3744782038504
1,1,1,0,1,0,1,1,1,1,0,141.4998378144124
1,1,1,0,0,1,0,0,0,0,0,102.2358671113046
1,1,1,0,0,1,0,0,0,1,0,139.0109958357527
1,1,1,0,0,1,0,0,1,0,0,139.7321423048135
1,1,1,0,0,1,0,0,1,1,0,176.5072710292616
1,1,1,0,0,1,0,1,0,0,0,87.0869517300144
1,1,1,0,0,1,0,1,1,0,0,126.9253510104033
1,1,1,0,0,1,0,1,0,1,0,123.8620804544625
1,0,0,0,1,0,0,0,1,1,0,97.78170576508879
1,1,1,0,0,1,0,1,1,1,0,163.7004797348514
1,1,1,0,1,1,0,0,0,0,0,115.6701179349981
1,1,1,0,1,1,0,0,0,1,0,152.4452466594462
1,1,1,0,1,1,0,1,0,0,0,100.52120255370791
1,1,1,0,1,1,0,1,0,1,0,137.296331278156
1,1,1,0,1,1,0,0,1,0,0,167.780687637207
1,1,1,0,1,1,0,1,1,0,0,154.9738963427968
1,1,1,0,1,1,0,0,1,1,0,204.5558163616551
1,1,1,0,1,1,0,1,1,1,0,191.7490250672449
1,1,1,0,0,1,1,0,0,0,0,91.36122672186659
1,0,0,0,1,0,0,1,0,0,0,31.170995022341586
1,1,1,0,0,1,1,0,0,1,0,128.1363554463147
1,1,1,0,0,1,1,0,1,0,0,128.8575019153755
1,1,1,0,0,1,1,0,1,1,0,165.63263063982362
1,1,1,0,1,1,1,0,0,0,0,104.79547754556009
1,1,1,0,1,1,1,0,1,0,0,156.906047247769
1,1,1,0,1,1,1,0,0,1,0,141.5706062700082
1,1,1,0,1,1,1,0,1,1,0,193.68117597221712
1,1,1,0,0,1,1,1,0,0,0,76.21231134057639
1,1,1,0,0,1,1,1,0,1,0,112.98744006502449
1,1,1,0,1,1,1,1,0,0,0,89.6465621642699
1,0,0,0,1,0,0,1,1,0,0,48.19978574623048
1,1,1,0,1,1,1,1,0,1,0,126.42169088871799
1,1,1,0,0,1,1,1,1,0,0,116.05071062096529
1,1,1,0,1,1,1,1,1,0,0,144.09925595335878
1,1,1,0,0,1,1,1,1,1,0,152.82583934541339
1,1,1,0,1,1,1,1,1,1,0,180.8743846778069
1,1,0,1,0,0,0,0,0,0,0,68.1787294311265
1,1,0,1,0,0,0,0,0,1,0,104.95385815557461
1,1,0,1,0,0,0,0,1,0,0,80.96207240691541
1,1,0,1,0,0,0,0,1,1,0,117.73720113136352
1,1,0,1,0,0,0,1,0,0,0,53.0298140498363
1,0,0,0,1,0,0,1,0,1,0,67.94612374678968
1,1,0,1,0,0,0,1,1,0,0,68.15528111250518
1,1,0,1,0,0,0,1,0,1,0,89.8049427742844
1,1,0,1,0,0,0,1,1,1,0,104.93040983695329
1,1,0,1,0,0,1,0,0,0,0,87.61165719998849
1,1,0,1,0,0,1,0,0,1,0,124.3867859244366
1,1,0,1,0,0,1,1,0,0,0,72.46274181869829
1,1,0,1,0,0,1,1,0,1,0,109.23787054314639
1,1,0,1,0,0,1,0,1,0,0,100.3950001757774
1,1,0,1,0,0,1,1,1,0,0,87.58820888136718
1,1,0,1,0,0,1,0,1,1,0,137.1701289002255
1,0,0,0,0,0,0,0,1,1,0,89.8796998467953
1,0,0,0,1,0,0,1,1,1,0,84.97491447067858
1,1,0,1,0,0,1,1,1,1,0,124.36333760581527
1,1,0,1,0,1,0,0,0,0,0,86.648830626521
1,1,0,1,0,1,0,0,0,1,0,123.42395935096911
1,1,0,1,0,1,0,0,1,0,0,114.8043743649099
1,1,0,1,0,1,0,0,1,1,0,151.579503089358
1,1,0,1,0,1,1,0,0,0,0,106.08175839538299
1,1,0,1,0,1,1,0,1,0,0,134.2373021337719
1,1,0,1,0,1,1,0,0,1,0,142.8568871198311
1,1,0,1,0,1,1,0,1,1,0,171.01243085822
1,1,0,1,0,1,0,1,0,0,0,71.49991524523081
1,0,0,0,1,1,0,0,0,0,0,64.79001159902629
1,1,0,1,0,1,0,1,0,1,0,108.2750439696789
1,1,0,1,0,1,1,1,0,0,0,90.9328430140928
1,1,0,1,0,1,1,1,0,1,0,127.70797173854089
1,1,0,1,0,1,0,1,1,0,0,101.99758307049972
1,1,0,1,0,1,1,1,1,0,0,121.4305108393617
1,1,0,1,0,1,0,1,1,1,0,138.7727117949478
1,1,0,1,0,1,1,1,1,1,0,158.2056395638098
1,1,1,1,0,0,0,0,0,0,0,95.46174487960619
1,1,1,1,0,0,0,0,0,1,0,132.2368736040543
1,1,1,1,0,0,0,0,1,0,0,108.2450878553951
1,0,0,0,1,1,0,0,0,1,0,101.5651403234744
1,1,1,1,0,0,0,0,1,1,0,145.0202165798432
1,1,1,1,0,0,0,1,0,0,0,80.31282949831599
1,1,1,1,0,0,0,1,1,0,0,95.43829656098491
1,1,1,1,0,0,0,1,0,1,0,117.08795822276409
1,1,1,1,0,0,0,1,1,1,0,132.213425285433
1,1,1,1,0,1,0,0,0,0,0,113.93184607500069
1,1,1,1,0,1,0,0,0,1,0,150.7069747994488
1,1,1,1,0,1,0,1,0,0,0,98.7829306937105
1,1,1,1,0,1,0,1,0,1,0,135.5580594181586
1,1,1,1,0,1,0,0,1,0,0,142.08738981338962
1,0,0,0,1,1,0,1,0,0,0,49.641096217736084
1,1,1,1,0,1,0,1,1,0,0,129.2805985189794
1,1,1,1,0,1,0,0,1,1,0,178.86251853783773
1,1,1,1,0,1,0,1,1,1,0,166.0557272434275
1,1,1,1,0,0,1,0,0,0,0,114.8946726484682
1,1,1,1,0,0,1,0,0,1,0,151.6698013729163
1,1,1,1,0,0,1,0,1,0,0,127.67801562425709
1,1,1,1,0,0,1,0,1,1,0,164.4531443487052
1,1,1,1,0,1,1,0,0,0,0,133.3647738438627
1,1,1,1,0,1,1,0,1,0,0,161.52031758225158
1,1,1,1,0,1,1,0,0,1,0,170.13990256831082
1,0,0,0,1,1,0,1,0,1,0,86.41622494218419
1,1,1,1,0,1,1,0,1,1,0,198.2954463066997
1,1,1,1,0,0,1,1,0,0,0,99.745757267178
1,1,1,1,0,0,1,1,0,1,0,136.5208859916261
1,1,1,1,0,1,1,1,0,0,0,118.21585846257251
1,1,1,1,0,1,1,1,0,1,0,154.9909871870206
1,1,1,1,0,0,1,1,1,0,0,114.8712243298469
1,1,1,1,0,1,1,1,1,0,0,148.71352628784138
1,1,1,1,0,0,1,1,1,1,0,151.646353054295
1,1,1,1,0,1,1,1,1,1,0,185.48865501228948
1,1,0,1,1,0,0,0,0,0,0,65.13512277081999
1,0,0,0,1,1,0,0,1,0,0,94.8488789986352
1,1,0,1,1,0,0,0,0,1,0,101.91025149526808
1,1,0,1,1,0,0,0,1,0,0,77.91846574660889
1,1,0,1,1,0,0,0,1,1,0,114.693594471057
1,1,0,1,1,0,0,1,0,0,0,49.98620738952979
1,1,0,1,1,0,0,1,1,0,0,65.11167445219868
1,1,0,1,1,0,0,1,0,1,0,86.76133611397789
1,1,0,1,1,0,0,1,1,1,0,101.8868031766468
1,1,0,1,1,0,1,0,0,0,0,84.56805053968199
1,1,0,1,1,0,1,0,0,1,0,121.3431792641301
1,1,0,1,1,0,1,1,0,0,0,69.4191351583918
1,0,0,0,1,1,0,1,1,0,0,82.04208770422501
1,1,0,1,1,0,1,1,0,1,0,106.19426388283989
1,1,0,1,1,0,1,0,1,0,0,97.3513935154709
1,1,0,1,1,0,1,1,1,0,0,84.54460222106069
1,1,0,1,1,0,1,0,1,1,0,134.126522239919
1,1,0,1,1,0,1,1,1,1,0,121.31973094550878
1,1,1,1,1,0,0,0,0,0,0,92.41813821929969
1,1,1,1,1,0,0,0,0,1,0,129.1932669437478
1,1,1,1,1,0,0,0,1,0,0,119.8157757037886
1,1,1,1,1,0,0,0,1,1,0,156.5909044282367
1,1,1,1,1,0,1,0,0,0,0,111.85106598816168
1,0,0,0,1,1,0,0,1,1,0,131.6240077230833
1,1,1,1,1,0,1,0,1,0,0,139.2487034726506
1,1,1,1,1,0,1,0,0,1,0,148.6261947126098
1,1,1,1,1,0,1,0,1,1,0,176.0238321970987
1,1,1,1,1,0,0,1,0,0,0,77.2692228380095
1,1,1,1,1,0,0,1,0,1,0,114.04435156245759
1,1,1,1,1,0,1,1,0,0,0,96.70215060687148
1,1,1,1,1,0,1,1,0,1,0,133.47727933131958
1,1,1,1,1,0,0,1,1,0,0,107.00898440937841
1,1,1,1,1,0,1,1,1,0,0,126.4419121782404
1,1,1,1,1,0,0,1,1,1,0,143.7841131338265
1,0,0,0,1,1,0,1,1,1,0,118.8172164286731
1,1,1,1,1,0,1,1,1,1,0,163.2170409026885
1,1,0,1,1,1,0,0,0,0,0,83.60522396621448
1,1,0,1,1,1,0,0,0,1,0,120.38035269066259
1,1,0,1,1,1,0,0,1,0,0,111.76076770460341
1,1,0,1,1,1,0,0,1,1,0,148.53589642905152
1,1,0,1,1,1,0,1,0,0,0,68.45630858492429
1,1,0,1,1,1,0,1,1,0,0,98.95397641019322
1,1,0,1,1,1,0,1,0,1,0,105.23143730937238
1,1,0,1,1,1,0,1,1,1,0,135.72910513464132
1,1,1,1,1,1,0,0,0,0,0,116.4204843200942
1,0,0,0,1,0,1,0,0,0,0,33.47716277816379
1,1,1,1,1,1,0,0,0,1,0,153.1956130445423
1,1,1,1,1,1,0,1,0,0,0,101.27156893880401
1,1,1,1,1,1,0,1,0,1,0,138.0466976632521
1,1,1,1,1,1,0,0,1,0,0,159.1903225671831
1,1,1,1,1,1,0,1,1,0,0,146.3835312727729
1,1,1,1,1,1,0,0,1,1,0,195.9654512916312
1,1,1,1,1,1,0,1,1,1,0,183.158659997221
1,1,0,1,1,1,1,0,0,0,0,103.0381517350765
1,1,0,1,1,1,1,0,0,1,0,139.8132804595246
1,1,0,1,1,1,1,0,1,0,0,131.19369547346537
1,0,0,0,0,0,0,1,0,0,0,23.268989104048096
1,0,0,0,1,0,1,0,0,1,0,70.25229150261188
1,1,0,1,1,1,1,0,1,1,0,167.96882419791348
1,1,1,1,1,1,1,0,0,0,0,135.8534120889562
1,1,1,1,1,1,1,0,1,0,0,178.62325033604506
1,1,1,1,1,1,1,0,0,1,0,172.6285408134043
1,1,1,1,1,1,1,0,1,1,0,215.39837906049317
1,1,0,1,1,1,1,1,0,0,0,87.8892363537863
1,1,0,1,1,1,1,1,0,1,0,124.6643650782344
1,1,1,1,1,1,1,1,0,0,0,120.704496707666
1,1,1,1,1,1,1,1,0,1,0,157.4796254321141
1,1,0,1,1,1,1,1,1,0,0,118.38690417905518
1,0,0,0,1,0,1,0,1,0,0,48.16382941517269
1,1,1,1,1,1,1,1,1,0,0,165.81645904163486
1,1,0,1,1,1,1,1,1,1,0,155.16203290350327
1,1,1,1,1,1,1,1,1,1,0,202.59158776608297
1,0,0,0,0,0,0,0,0,0,1,83.4326139777995
1,0,0,0,0,0,0,0,0,1,1,120.2077427022476
1,0,0,0,0,0,0,0,1,0,1,98.1192806148084
1,0,0,0,0,0,0,0,1,1,1,134.8944093392565
1,0,0,0,0,0,0,1,0,0,1,68.28369859650931
1,0,0,0,0,0,0,1,1,0,1,85.3124893203982
1,0,0,0,0,0,0,1,0,1,1,105.0588273209574
1,0,0,0,1,0,1,0,1,1,0,84.9389581396208
1,0,0,0,0,0,0,1,1,1,1,122.0876180448463
1,0,0,0,0,0,1,0,0,0,1,70.58986635233151
1,0,0,0,0,0,1,0,0,1,1,107.3649950767796
1,0,0,0,0,0,1,1,0,0,1,55.4409509710413
1,0,0,0,0,0,1,1,0,1,1,92.21607969548941
1,0,0,0,0,0,1,0,1,0,1,85.2765329893404
1,0,0,0,0,0,1,1,1,0,1,72.4697416949302
1,0,0,0,0,0,1,0,1,1,1,122.05166171378849
1,0,0,0,0,0,1,1,1,1,1,109.2448704193783
1,0,0,0,0,1,0,0,0,0,1,101.902715173194
1,0,0,0,1,1,1,0,0,0,0,51.947263973558286
1,0,0,0,0,1,0,0,0,1,1,138.6778438976421
1,0,0,0,0,1,0,0,1,0,1,131.9615825728029
1,0,0,0,0,1,0,0,1,1,1,168.73671129725102
1,0,0,0,0,1,1,0,0,0,1,89.05996754772599
1,0,0,0,0,1,1,0,1,0,1,119.1188349473349
1,0,0,0,0,1,1,0,0,1,1,125.8350962721741
1,0,0,0,0,1,1,0,1,1,1,155.893963671783
1,0,0,0,0,1,0,1,0,0,1,86.75379979190379
1,0,0,0,0,1,0,1,0,1,1,123.5289285163519
1,0,0,0,0,1,1,1,0,0,1,73.91105216643578
1,0,0,0,1,1,1,0,1,0,0,82.0061313731672
1,0,0,0,0,1,1,1,0,1,1,110.68618089088389
1,0,0,0,0,1,0,1,1,0,1,119.15479127839272
1,0,0,0,0,1,1,1,1,0,1,106.31204365292471
1,0,0,0,0,1,0,1,1,1,1,155.92992000284082
1,0,0,0,0,1,1,1,1,1,1,143.0871723773728
1,0,0,0,1,0,0,0,0,0,1,91.33461989609299
1,0,0,0,1,0,0,0,0,1,1,128.1097486205411
1,0,0,0,1,0,0,0,1,0,1,106.02128653310189
1,0,0,0,1,0,0,0,1,1,1,142.79641525755
1,0,0,0,1,0,0,1,0,0,1,76.18570451480278
1,0,0,0,1,1,1,0,0,1,0,88.72239269800639
1,0,0,0,1,0,0,1,1,0,1,93.21449523869168
1,0,0,0,1,0,0,1,0,1,1,112.96083323925089
1,0,0,0,1,0,0,1,1,1,1,129.9896239631398
1,0,0,0,1,1,0,0,0,0,1,109.8047210914875
1,0,0,0,1,1,0,0,0,1,1,146.5798498159356
1,0,0,0,1,1,0,1,0,0,1,94.6558057101973
1,0,0,0,1,1,0,1,0,1,1,131.4309344346454
1,0,0,0,1,1,0,0,1,0,1,139.8635884910964
1,0,0,0,1,1,0,1,1,0,1,127.05679719668622
1,0,0,0,1,1,0,0,1,1,1,176.63871721554452
1,0,0,0,1,1,1,0,1,1,0,118.7812600976153
1,0,0,0,1,1,0,1,1,1,1,163.8319259211343
1,0,0,0,1,0,1,0,0,0,1,78.49187227062498
1,0,0,0,1,0,1,0,0,1,1,115.26700099507309
1,0,0,0,1,0,1,0,1,0,1,93.17853890763388
1,0,0,0,1,0,1,0,1,1,1,129.953667632082
1,0,0,0,1,1,1,0,0,0,1,96.96197346601949
1,0,0,0,1,1,1,0,1,0,1,127.0208408656284
1,0,0,0,1,1,1,0,0,1,1,133.7371021904676
1,0,0,0,1,1,1,0,1,1,1,163.7959695900765
1,0,0,0,1,0,1,1,0,0,1,63.342956889334786
1,0,0,0,1,0,1,1,0,0,0,18.328247396873586
1,0,0,0,1,0,1,1,0,1,1,100.11808561378288
1,0,0,0,1,1,1,1,0,0,1,81.81305808472928
1,0,0,0,1,1,1,1,0,1,1,118.58818680917739
1,0,0,0,1,0,1,1,1,0,1,80.37174761322368
1,0,0,0,1,1,1,1,1,0,1,114.21404957121821
1,0,0,0,1,0,1,1,1,1,1,117.14687633767178
1,0,0,0,1,1,1,1,1,1,1,150.9891782956663
1,0,0,1,0,0,0,0,0,0,1,93.25345864887561
1,0,0,1,0,0,0,0,0,1,1,130.02858737332372
1,0,0,1,0,0,0,0,1,0,1,107.9401252858845
1,0,0,0,1,0,1,1,0,1,0,55.10337612132169
1,0,0,1,0,0,0,0,1,1,1,144.71525401033261
1,0,0,1,0,0,0,1,0,0,1,78.1045432675854
1,0,0,1,0,0,0,1,1,0,1,95.1333339914743
1,0,0,1,0,0,0,1,0,1,1,114.87967199203351
1,0,0,1,0,0,0,1,1,1,1,131.9084627159224
1,0,0,1,0,0,1,0,0,0,1,110.7182791817076
1,0,0,1,0,0,1,0,0,1,1,147.4934079061557
1,0,0,1,0,0,1,1,0,0,1,95.5693638004174
1,0,0,1,0,0,1,1,0,1,1,132.3444925248655
1,0,0,1,0,0,1,0,1,0,1,125.4049458187165
1,0,0,0,1,1,1,1,0,0,0,36.798348592268084
1,0,0,1,0,0,1,1,1,0,1,112.59815452430631
1,0,0,1,0,0,1,0,1,1,1,162.1800745431646
1,0,0,1,0,0,1,1,1,1,1,149.3732832487544
1,0,0,1,1,0,0,0,0,0,1,90.2098519885691
1,0,0,1,1,0,0,0,0,1,1,126.9849807130172
1,0,0,1,1,0,0,0,1,0,1,104.89651862557801
1,0,0,1,1,0,0,0,1,1,1,141.67164735002612
1,0,0,1,1,0,1,0,0,0,1,107.67467252140108
1,0,0,1,1,0,1,0,1,0,1,122.36133915841
1,0,0,1,1,0,1,0,0,1,1,144.4498012458492
1,0,0,0,0,0,0,1,1,0,0,40.29777982793699
1,0,0,0,1,1,1,1,0,1,0,73.57347731671618
1,0,0,1,1,0,1,0,1,1,1,159.1364678828581
1,0,0,1,1,0,0,1,0,0,1,75.0609366072789
1,0,0,1,1,0,0,1,0,1,1,111.836065331727
1,0,0,1,1,0,1,1,0,0,1,92.52575714011088
1,0,0,1,1,0,1,1,0,1,1,129.30088586455898
1,0,0,1,1,0,0,1,1,0,1,92.08972733116781
1,0,0,1,1,0,1,1,1,0,1,109.55454786399982
1,0,0,1,1,0,0,1,1,1,1,128.86485605561592
1,0,0,1,1,0,1,1,1,1,1,146.3296765884479
1,0,0,1,0,1,0,0,0,0,1,111.72355984427011
1,0,0,0,1,0,1,1,1,0,0,35.35703812076248
1,0,0,1,0,1,0,0,0,1,1,148.49868856871822
1,0,0,1,0,1,0,0,1,0,1,141.78242724387903
1,0,0,1,0,1,0,0,1,1,1,178.55755596832714
1,0,0,1,0,1,0,1,0,0,1,96.57464446297992
1,0,0,1,0,1,0,1,1,0,1,128.97563594946882
1,0,0,1,0,1,0,1,0,1,1,133.349773187428
1,0,0,1,0,1,0,1,1,1,1,165.7507646739169
1,0,0,1,1,1,0,0,0,0,1,108.67995318396359
1,0,0,1,1,1,0,0,0,1,1,145.4550819084117
1,0,0,1,1,1,0,1,0,0,1,93.5310378026734
1,0,0,0,1,1,1,1,1,0,0,69.19934007875699
1,0,0,1,1,1,0,1,0,1,1,130.3061665271215
1,0,0,1,1,1,0,0,1,0,1,138.7388205835725
1,0,0,1,1,1,0,1,1,0,1,125.93202928916232
1,0,0,1,1,1,0,0,1,1,1,175.5139493080206
1,0,0,1,1,1,0,1,1,1,1,162.7071580136104
1,0,0,1,0,1,1,0,0,0,1,129.1883803771021
1,0,0,1,0,1,1,0,0,1,1,165.96350910155022
1,0,0,1,0,1,1,0,1,0,1,159.24724777671102
1,0,0,1,0,1,1,0,1,1,1,196.02237650115913
1,0,0,1,1,1,1,0,0,0,1,126.14477371679558
1,0,0,0,1,0,1,1,1,1,0,72.13216684521058
1,0,0,1,1,1,1,0,1,0,1,156.2036411164045
1,0,0,1,1,1,1,0,0,1,1,162.9199024412437
1,0,0,1,1,1,1,0,1,1,1,192.9787698408526
1,0,0,1,0,1,1,1,0,0,1,114.03946499581191
1,0,0,1,0,1,1,1,0,1,1,150.81459372026
1,0,0,1,1,1,1,1,0,0,1,110.99585833550539
1,0,0,1,1,1,1,1,0,1,1,147.77098705995348
1,0,0,1,0,1,1,1,1,0,1,146.44045648230082
1,0,0,1,1,1,1,1,1,0,1,143.3968498219943
1,0,0,1,0,1,1,1,1,1,1,183.21558520674893
1,0,0,0,1,1,1,1,1,1,0,105.9744688032051
1,0,0,1,1,1,1,1,1,1,1,180.1719785464424
1,1,0,0,0,0,0,0,0,0,1,101.4974599598916
1,1,0,0,0,0,0,0,0,1,1,138.2725886843397
1,1,0,0,0,0,0,0,1,0,1,123.6215343908005
1,1,0,0,0,0,0,0,1,1,1,160.3966631152486
1,1,0,0,0,0,0,1,0,0,1,86.3485445786014
1,1,0,0,0,0,0,1,1,0,1,110.8147430963903
1,1,0,0,0,0,0,1,0,1,1,123.1236733030495
1,1,0,0,0,0,0,1,1,1,1,147.5898718208384
1,1,0,0,0,0,1,0,0,0,1,90.6228195704536
1,0,0,1,0,0,0,0,0,0,0,50.1138834490344
1,1,0,0,0,0,1,0,0,1,1,127.39794829490171
1,1,0,0,0,0,1,1,0,0,1,75.47390418916339
1,1,0,0,0,0,1,1,0,1,1,112.2490329136115
1,1,0,0,0,0,1,0,1,0,1,112.7468940013625
1,1,0,0,0,0,1,1,1,0,1,99.94010270695232
1,1,0,0,0,0,1,0,1,1,1,149.52202272581061
1,1,0,0,0,0,1,1,1,1,1,136.7152314314004
1,1,0,0,0,1,0,0,0,0,1,119.96756115528609
1,1,0,0,0,1,0,0,0,1,1,156.7426898797342
1,1,0,0,0,1,0,0,1,0,1,157.463836348795
1,0,0,1,0,0,0,0,0,1,0,86.8890121734825
1,1,0,0,0,1,0,0,1,1,1,194.23896507324312
1,1,0,0,0,1,1,0,0,0,1,109.09292076584808
1,1,0,0,0,1,1,0,1,0,1,146.589195959357
1,1,0,0,0,1,1,0,0,1,1,145.8680494902962
1,1,0,0,0,1,1,0,1,1,1,183.3643246838051
1,1,0,0,0,1,0,1,0,0,1,104.8186457739959
1,1,0,0,0,1,0,1,0,1,1,141.593774498444
1,1,0,0,0,1,1,1,0,0,1,93.94400538455788
1,1,0,0,0,1,1,1,0,1,1,130.71913410900598
1,1,0,0,0,1,0,1,1,0,1,144.6570450543848
1,0,0,1,0,0,0,0,1,0,0,64.8005500860433
1,1,0,0,0,1,1,1,1,0,1,133.7824046649468
1,1,0,0,0,1,0,1,1,1,1,181.43217377883292
1,1,0,0,0,1,1,1,1,1,1,170.5575333893949
1,1,0,1,0,0,0,0,0,0,1,111.3183046309677
1,1,0,1,0,0,0,0,0,1,1,148.0934333554158
1,1,0,1,0,0,0,0,1,0,1,124.10164760675661
1,1,0,1,0,0,0,0,1,1,1,160.87677633120472
1,1,0,1,0,0,0,1,0,0,1,96.16938924967751
1,1,0,1,0,0,0,1,1,0,1,111.2948563123464
1,1,0,1,0,0,0,1,0,1,1,132.9445179741256
1,0,0,1,0,0,0,0,1,1,0,101.57567881049141
1,1,0,1,0,0,0,1,1,1,1,148.0699850367945
1,1,0,1,0,1,0,0,0,0,1,129.7884058263622
1,1,0,1,0,1,0,0,0,1,1,166.56353455081032
1,1,0,1,0,1,0,1,0,0,1,114.63949044507201
1,1,0,1,0,1,0,1,0,1,1,151.4146191695201
1,1,0,1,0,1,0,0,1,0,1,157.9439495647511
1,1,0,1,0,1,0,1,1,0,1,145.13715827034093
1,1,0,1,0,1,0,0,1,1,1,194.71907828919922
1,1,0,1,0,1,0,1,1,1,1,181.912286994789
1,1,0,1,0,0,1,0,0,0,1,130.7512323998297
1,0,0,1,0,0,0,1,0,0,0,34.964968067744195
1,1,0,1,0,0,1,0,0,1,1,167.5263611242778
1,1,0,1,0,0,1,0,1,0,1,143.5345753756186
1,1,0,1,0,0,1,0,1,1,1,180.3097041000667
1,1,0,1,0,1,1,0,0,0,1,149.2213335952242
1,1,0,1,0,1,1,0,1,0,1,177.3768773336131
1,1,0,1,0,1,1,0,0,1,1,185.9964623196723
1,1,0,1,0,1,1,0,1,1,1,214.1520060580612
1,1,0,1,0,0,1,1,0,0,1,115.6023170185395
1,1,0,1,0,0,1,1,0,1,1,152.3774457429876
1,1,0,1,0,1,1,1,0,0,1,134.072418213934
1,0,0,0,0,0,0,1,0,1,0,60.0441178284962
1,0,0,1,0,0,0,1,1,0,0,51.99375879163309
1,1,0,1,0,1,1,1,0,1,1,170.8475469383821
1,1,0,1,0,0,1,1,1,0,1,130.72778408120843
1,1,0,1,0,1,1,1,1,0,1,164.5700860392029
1,1,0,1,0,0,1,1,1,1,1,167.5029128056565
1,1,0,1,0,1,1,1,1,1,1,201.345214763651
1,1,0,0,1,0,0,0,0,0,1,109.39946587818508
1,1,0,0,1,0,0,0,0,1,1,146.1745946026332
1,1,0,0,1,0,0,0,1,0,1,131.523540309094
1,1,0,0,1,0,0,0,1,1,1,168.2986690335421
1,1,0,0,1,0,0,1,0,0,1,94.25055049689489
1,0,0,1,0,0,0,1,0,1,0,71.7400967921923
1,1,0,0,1,0,0,1,1,0,1,118.7167490146838
1,1,0,0,1,0,0,1,0,1,1,131.02567922134298
1,1,0,0,1,0,0,1,1,1,1,155.4918777391319
1,1,0,0,1,0,1,0,0,0,1,98.52482548874707
1,1,0,0,1,0,1,0,0,1,1,135.29995421319518
1,1,0,0,1,0,1,1,0,0,1,83.37591010745686
1,1,0,0,1,0,1,1,0,1,1,120.15103883190497
1,1,0,0,1,0,1,0,1,0,1,120.64889991965597
1,1,0,0,1,0,1,1,1,0,1,107.84210862524579
1,1,0,0,1,0,1,0,1,1,1,157.42402864410408
1,0,0,1,0,0,0,1,1,1,0,88.7688875160812
1,1,0,0,1,0,1,1,1,1,1,144.61723734969388
1,1,0,1,1,0,0,0,0,0,1,108.27469797066121
1,1,0,1,1,0,0,0,0,1,1,145.04982669510932
1,1,0,1,1,0,0,0,1,0,1,121.05804094645009
1,1,0,1,1,0,0,0,1,1,1,157.8331696708982
1,1,0,1,1,0,1,0,0,0,1,127.70762573952317
1,1,0,1,1,0,1,0,1,0,1,140.4909687153121
1,1,0,1,1,0,1,0,0,1,1,164.48275446397128
1,1,0,1,1,0,1,0,1,1,1,177.26609743976022
1,1,0,1,1,0,0,1,0,0,1,93.12578258937101
1,0,0,1,0,0,1,0,0,0,0,67.5787039818664
1,1,0,1,1,0,0,1,0,1,1,129.9009113138191
1,1,0,1,1,0,1,1,0,0,1,112.55871035823297
1,1,0,1,1,0,1,1,0,1,1,149.33383908268107
1,1,0,1,1,0,0,1,1,0,1,108.2512496520399
1,1,0,1,1,0,1,1,1,0,1,127.68417742090192
1,1,0,1,1,0,0,1,1,1,1,145.026378376488
1,1,0,1,1,0,1,1,1,1,1,164.45930614535
1,1,0,0,1,1,0,0,0,0,1,127.86956707357959
1,1,0,0,1,1,0,0,0,1,1,164.6446957980277
1,1,0,0,1,1,0,0,1,0,1,165.3658422670885
1,0,0,1,0,0,1,0,0,1,0,104.3538327063145
1,1,0,0,1,1,0,0,1,1,1,202.14097099153662
1,1,0,0,1,1,0,1,0,0,1,112.7206516922894
1,1,0,0,1,1,0,1,1,0,1,152.5590509726783
1,1,0,0,1,1,0,1,0,1,1,149.4957804167375
1,1,0,0,1,1,0,1,1,1,1,189.33417969712642
1,1,0,1,1,1,0,0,0,0,1,126.74479916605571
1,1,0,1,1,1,0,0,0,1,1,163.51992789050382
1,1,0,1,1,1,0,1,0,0,1,111.59588378476552
1,1,0,1,1,1,0,1,0,1,1,148.3710125092136
1,1,0,1,1,1,0,0,1,0,1,154.9003429044446
1,0,0,1,0,0,1,1,0,0,0,52.429788600576195
1,1,0,1,1,1,0,1,1,0,1,142.0935516100344
1,1,0,1,1,1,0,0,1,1,1,191.67547162889272
1,1,0,1,1,1,0,1,1,1,1,178.86868033448252
1,1,0,0,1,1,1,0,0,0,1,116.99492668414157
1,1,0,0,1,1,1,0,0,1,1,153.77005540858968
1,1,0,0,1,1,1,0,1,0,1,154.4912018776505
1,1,0,0,1,1,1,0,1,1,1,191.2663306020986
1,1,0,1,1,1,1,0,0,0,1,146.17772693491767
1,1,0,1,1,1,1,0,1,0,1,174.3332706733066
1,1,0,1,1,1,1,0,0,1,1,182.95285565936578
1,0,0,1,0,0,1,1,0,1,0,89.2049173250243
1,1,0,1,1,1,1,0,1,1,1,211.1083993977547
1,1,0,0,1,1,1,1,0,0,1,101.84601130285138
1,1,0,0,1,1,1,1,0,1,1,138.62114002729948
1,1,0,1,1,1,1,1,0,0,1,131.02881155362746
1,1,0,1,1,1,1,1,0,1,1,167.80394027807557
1,1,0,0,1,1,1,1,1,0,1,141.68441058324032
1,1,0,1,1,1,1,1,1,0,1,161.5264793788964
1,1,0,0,1,1,1,1,1,1,1,178.4595393076884
1,1,0,1,1,1,1,1,1,1,1,198.3016081033445
1,0,1,0,0,0,0,0,0,0,1,110.71562942627921
1,0,0,1,0,0,1,0,1,0,0,82.2653706188753
1,0,1,0,0,0,0,0,0,1,1,147.49075815072732
1,0,1,0,0,0,0,0,1,0,1,125.4022960632881
1,0,1,0,0,0,0,0,1,1,1,162.17742478773621
1,0,1,0,0,0,0,1,0,0,1,95.56671404498901
1,0,1,0,0,0,0,1,1,0,1,112.59550476887792
1,0,1,0,0,0,0,1,0,1,1,132.3418427694371
1,0,1,0,0,0,0,1,1,1,1,149.370633493326
1,0,1,0,0,0,1,0,0,0,1,97.8728818008112
1,0,1,0,0,0,1,0,0,1,1,134.6480105252593
1,0,1,0,0,0,1,1,0,0,1,82.72396641952099
1,0,0,1,0,0,1,1,1,0,0,69.45857932446509
1,0,1,0,0,0,1,1,0,1,1,119.4990951439691
1,0,1,0,0,0,1,0,1,0,1,112.5595484378201
1,0,1,0,0,0,1,1,1,0,1,99.75275714340991
1,0,1,0,0,0,1,0,1,1,1,149.3346771622682
1,0,1,0,0,0,1,1,1,1,1,136.527885867858
1,0,1,0,0,1,0,0,0,0,1,129.1857306216737
1,0,1,0,0,1,0,0,0,1,1,165.96085934612182
1,0,1,0,0,1,0,0,1,0,1,159.2445980212826
1,0,1,0,0,1,0,0,1,1,1,196.0197267457307
1,0,1,0,0,1,1,0,0,0,1,116.3429829962057
1,0,0,1,0,0,1,0,1,1,0,119.0404993433234
1,0,1,0,0,1,1,0,1,0,1,146.4018503958146
1,0,1,0,0,1,1,0,0,1,1,153.11811172065381
1,0,1,0,0,1,1,0,1,1,1,183.1769791202627
1,0,1,0,0,1,0,1,0,0,1,114.03681524038352
1,0,1,0,0,1,0,1,0,1,1,150.8119439648316
1,0,1,0,0,1,1,1,0,0,1,101.19406761491551
1,0,1,0,0,1,1,1,0,1,1,137.9691963393636
1,0,1,0,0,1,0,1,1,0,1,146.4378067268724
1,0,1,0,0,1,1,1,1,0,1,133.5950591014044
1,0,1,0,0,1,0,1,1,1,1,183.2129354513205
1,0,0,0,0,0,0,1,1,1,0,77.07290855238509
1,0,0,1,0,0,1,1,1,1,0,106.2337080489132
1,0,1,0,0,1,1,1,1,1,1,170.3701878258525
1,0,1,0,1,0,0,0,0,0,1,118.6176353445727
1,0,1,0,1,0,0,0,0,1,1,155.3927640690208
1,0,1,0,1,0,0,0,1,0,1,147.9185964902816
1,0,1,0,1,0,0,0,1,1,1,184.6937252147297
1,0,1,0,1,0,0,1,0,0,1,103.46871996328251
1,0,1,0,1,0,0,1,1,0,1,135.1118051958714
1,0,1,0,1,0,0,1,0,1,1,140.2438486877306
1,0,1,0,1,0,0,1,1,1,1,171.8869339203195
1,0,1,0,1,1,0,0,0,0,1,142.6199814453672
1,0,0,1,1,0,0,0,0,0,0,47.07027678872789
1,0,1,0,1,1,0,0,0,1,1,179.3951101698153
1,0,1,0,1,1,0,1,0,0,1,127.471066064077
1,0,1,0,1,1,0,1,0,1,1,164.2461947885251
1,0,1,0,1,1,0,0,1,0,1,187.2931433536761
1,0,1,0,1,1,0,1,1,0,1,174.4863520592659
1,0,1,0,1,1,0,0,1,1,1,224.0682720781242
1,0,1,0,1,1,0,1,1,1,1,211.261480783714
1,0,1,0,1,0,1,0,0,0,1,105.7748877191047
1,0,1,0,1,0,1,0,0,1,1,142.5500164435528
1,0,1,0,1,0,1,0,1,0,1,135.0758488648136
1,0,0,1,1,0,0,0,0,1,0,83.84540551317599
1,0,1,0,1,0,1,0,1,1,1,171.8509775892617
1,0,1,0,1,1,1,0,0,0,1,129.77723381989918
1,0,1,0,1,1,1,0,1,0,1,174.4503957282081
1,0,1,0,1,1,1,0,0,1,1,166.5523625443473
1,0,1,0,1,1,1,0,1,1,1,211.2255244526562
1,0,1,0,1,0,1,1,0,0,1,90.6259723378145
1,0,1,0,1,0,1,1,0,1,1,127.4011010622626
1,0,1,0,1,1,1,1,0,0,1,114.62831843860899
1,0,1,0,1,1,1,1,0,1,1,151.40344716305708
1,0,1,0,1,0,1,1,1,0,1,122.2690575704034
1,0,0,1,1,0,0,0,1,0,0,61.756943425736786
1,0,1,0,1,1,1,1,1,0,1,161.6436044337979
1,0,1,0,1,0,1,1,1,1,1,159.0441862948515
1,0,1,0,1,1,1,1,1,1,1,198.418733158246
1,1,1,0,0,0,0,0,0,0,1,128.7804754083713
1,1,1,0,0,0,0,0,0,1,1,165.5556041328194
1,1,1,0,0,0,0,0,1,0,1,150.9045498392802
1,1,1,0,0,0,0,0,1,1,1,187.67967856372832
1,1,1,0,0,0,0,1,0,0,1,113.63156002708111
1,1,1,0,0,0,0,1,1,0,1,138.09775854487
1,1,1,0,0,0,0,1,0,1,1,150.4066887515292
1,0,0,1,1,0,0,0,1,1,0,98.53207215018489
1,1,1,0,0,0,0,1,1,1,1,174.8728872693181
1,1,1,0,0,0,1,0,0,0,1,117.90583501893329
1,1,1,0,0,0,1,0,0,1,1,154.6809637433814
1,1,1,0,0,0,1,1,0,0,1,102.7569196376431
1,1,1,0,0,0,1,1,0,1,1,139.5320483620912
1,1,1,0,0,0,1,0,1,0,1,140.0299094498422
1,1,1,0,0,0,1,1,1,0,1,127.223118155432
1,1,1,0,0,0,1,0,1,1,1,176.8050381742903
1,1,1,0,0,0,1,1,1,1,1,163.9982468798801
1,1,1,0,1,0,0,0,0,0,1,136.6824813266648
1,0,0,1,1,0,1,0,0,0,0,64.5350973215599
1,1,1,0,1,0,0,0,0,1,1,173.4576100511129
1,1,1,0,1,0,0,0,1,0,1,173.4208502662737
1,1,1,0,1,0,0,0,1,1,1,210.1959789907218
1,1,1,0,1,0,1,0,0,0,1,125.80784093722679
1,1,1,0,1,0,1,0,1,0,1,162.5462098768357
1,1,1,0,1,0,1,0,0,1,1,162.5829696616749
1,1,1,0,1,0,1,0,1,1,1,199.3213386012838
1,1,1,0,1,0,0,1,0,0,1,121.5335659453746
1,1,1,0,1,0,0,1,0,1,1,158.3086946698227
1,1,1,0,1,0,1,1,0,0,1,110.65892555593659
1,0,0,1,1,0,1,0,1,0,0,79.2217639585688
1,1,1,0,1,0,1,1,0,1,1,147.4340542803847
1,1,1,0,1,0,0,1,1,0,1,160.6140589718635
1,1,1,0,1,0,1,1,1,0,1,149.73941858242551
1,1,1,0,1,0,0,1,1,1,1,197.3891876963116
1,1,1,0,1,0,1,1,1,1,1,186.5145473068736
1,1,1,0,0,1,0,0,0,0,1,147.2505766037658
1,1,1,0,0,1,0,0,0,1,1,184.02570532821392
1,1,1,0,0,1,0,0,1,0,1,184.7468517972747
1,1,1,0,0,1,0,0,1,1,1,221.5219805217228
1,1,1,0,0,1,0,1,0,0,1,132.10166122247563
1,0,0,1,1,0,1,0,0,1,0,101.31022604600801
1,1,1,0,0,1,0,1,1,0,1,171.9400605028645
1,1,1,0,0,1,0,1,0,1,1,168.8767899469237
1,1,1,0,0,1,0,1,1,1,1,208.7151892273126
1,1,1,0,1,1,0,0,0,0,1,160.68482742745928
1,1,1,0,1,1,0,0,0,1,1,197.4599561519074
1,1,1,0,1,1,0,1,0,0,1,145.53591204616907
1,1,1,0,1,1,0,1,0,1,1,182.31104077061718
1,1,1,0,1,1,0,0,1,0,1,212.7953971296682
1,1,1,0,1,1,0,1,1,0,1,199.988605835258
1,1,1,0,1,1,0,0,1,1,1,249.5705258541163
1,0,0,1,1,0,1,0,1,1,0,115.99689268301691
1,1,1,0,1,1,0,1,1,1,1,236.7637345597061
1,1,1,0,0,1,1,0,0,0,1,136.3759362143278
1,1,1,0,0,1,1,0,0,1,1,173.1510649387759
1,1,1,0,0,1,1,0,1,0,1,173.8722114078367
1,1,1,0,0,1,1,0,1,1,1,210.6473401322848
1,1,1,0,1,1,1,0,0,0,1,149.8101870380213
1,1,1,0,1,1,1,0,1,0,1,201.9207567402302
1,1,1,0,1,1,1,0,0,1,1,186.5853157624694
1,1,1,0,1,1,1,0,1,1,1,238.6958854646783
1,1,1,0,0,1,1,1,0,0,1,121.2270208330376
1,0,0,1,1,0,0,1,0,0,0,31.921361407437686
1,1,1,0,0,1,1,1,0,1,1,158.0021495574857
1,1,1,0,1,1,1,1,0,0,1,134.66127165673112
1,1,1,0,1,1,1,1,0,1,1,171.4364003811792
1,1,1,0,0,1,1,1,1,0,1,161.06542011342648
1,1,1,0,1,1,1,1,1,0,1,189.11396544581999
1,1,1,0,0,1,1,1,1,1,1,197.8405488378746
1,1,1,0,1,1,1,1,1,1,1,225.8890941702681
1,0,1,1,0,0,0,0,0,0,1,120.5364740973553
1,0,1,1,0,0,0,0,0,1,1,157.3116028218034
1,0,1,1,0,0,0,0,1,0,1,135.22314073436422
1,0,0,0,0,0,1,0,0,0,0,25.575156859870297
1,0,0,1,1,0,0,1,0,1,0,68.69649013188578
1,0,1,1,0,0,0,0,1,1,1,171.99826945881233
1,0,1,1,0,0,0,1,0,0,1,105.3875587160651
1,0,1,1,0,0,0,1,1,0,1,122.416349439954
1,0,1,1,0,0,0,1,0,1,1,142.1626874405132
1,0,1,1,0,0,0,1,1,1,1,159.1914781644021
1,0,1,1,0,0,1,0,0,0,1,138.0012946301873
1,0,1,1,0,0,1,0,0,1,1,174.7764233546354
1,0,1,1,0,0,1,1,0,0,1,122.8523792488971
1,0,1,1,0,0,1,1,0,1,1,159.6275079733452
1,0,1,1,0,0,1,0,1,0,1,152.68796126719621
1,0,0,1,1,0,1,1,0,0,0,49.3861819402697
1,0,1,1,0,0,1,1,1,0,1,139.88116997278604
1,0,1,1,0,0,1,0,1,1,1,189.46308999164432
1,0,1,1,0,0,1,1,1,1,1,176.65629869723412
1,0,1,1,0,1,0,0,0,0,1,139.0065752927498
1,0,1,1,0,1,0,0,0,1,1,175.7817040171979
1,0,1,1,0,1,0,0,1,0,1,169.06544269235872
1,0,1,1,0,1,0,0,1,1,1,205.84057141680682
1,0,1,1,0,1,1,0,0,0,1,156.4713958255818
1,0,1,1,0,1,1,0,1,0,1,186.5302632251907
1,0,1,1,0,1,1,0,0,1,1,193.2465245500299
1,0,0,1,1,0,1,1,0,1,0,86.1613106647178
1,0,1,1,0,1,1,0,1,1,1,223.30539194963882
1,0,1,1,0,1,0,1,0,0,1,123.8576599114596
1,0,1,1,0,1,0,1,0,1,1,160.6327886359077
1,0,1,1,0,1,1,1,0,0,1,141.3224804442916
1,0,1,1,0,1,1,1,0,1,1,178.0976091687397
1,0,1,1,0,1,0,1,1,0,1,156.2586513979485
1,0,1,1,0,1,1,1,1,0,1,173.7234719307805
1,0,1,1,0,1,0,1,1,1,1,193.03378012239662
1,0,1,1,0,1,1,1,1,1,1,210.4986006552286
1,1,1,1,0,0,0,0,0,0,1,138.6013200794474
1,0,0,1,1,0,0,1,1,0,0,48.95015213132659
1,1,1,1,0,0,0,0,0,1,1,175.3764488038955
1,1,1,1,0,0,0,0,1,0,1,151.3846630552363
1,1,1,1,0,0,0,0,1,1,1,188.1597917796844
1,1,1,1,0,0,0,1,0,0,1,123.4524046981572
1,1,1,1,0,0,0,1,1,0,1,138.5778717608261
1,1,1,1,0,0,0,1,0,1,1,160.2275334226053
1,1,1,1,0,0,0,1,1,1,1,175.3530004852742
1,1,1,1,0,1,0,0,0,0,1,157.0714212748419
1,1,1,1,0,1,0,0,0,1,1,193.84654999929
1,1,1,1,0,1,0,1,0,0,1,141.92250589355172
1,0,0,1,1,0,1,1,1,0,0,66.4149726641586
1,1,1,1,0,1,0,1,0,1,1,178.6976346179998
1,1,1,1,0,1,0,0,1,0,1,185.2269650132308
1,1,1,1,0,1,0,1,1,0,1,172.4201737188206
1,1,1,1,0,1,0,0,1,1,1,222.0020937376789
1,1,1,1,0,1,0,1,1,1,1,209.1953024432687
1,1,1,1,0,0,1,0,0,0,1,158.03424784830938
1,1,1,1,0,0,1,0,0,1,1,194.8093765727575
1,1,1,1,0,0,1,0,1,0,1,170.8175908240983
1,1,1,1,0,0,1,0,1,1,1,207.5927195485464
1,1,1,1,0,1,1,0,0,0,1,176.50434904370388
1,0,0,1,1,0,0,1,1,1,0,85.72528085577468
1,1,1,1,0,1,1,0,1,0,1,204.65989278209278
1,1,1,1,0,1,1,0,0,1,1,213.279477768152
1,1,1,1,0,1,1,0,1,1,1,241.4350215065409
1,1,1,1,0,0,1,1,0,0,1,142.88533246701917
1,1,1,1,0,0,1,1,0,1,1,179.66046119146728
1,1,1,1,0,1,1,1,0,0,1,161.35543366241367
1,1,1,1,0,1,1,1,0,1,1,198.13056238686178
1,1,1,1,0,0,1,1,1,0,1,158.0107995296881
1,1,1,1,0,1,1,1,1,0,1,191.85310148768258
1,1,1,1,0,0,1,1,1,1,1,194.7859282541362
1,0,0,1,1,0,1,1,1,1,0,103.1901013886067
1,1,1,1,0,1,1,1,1,1,1,228.6282302121307
1,0,1,1,1,0,0,0,0,0,1,117.4928674370488
1,0,1,1,1,0,0,0,0,1,1,154.2679961614969
1,0,1,1,1,0,0,0,1,0,1,146.7938285827577
1,0,1,1,1,0,0,0,1,1,1,183.5689573072058
1,0,1,1,1,0,0,1,0,0,1,102.3439520557586
1,0,1,1,1,0,0,1,1,0,1,133.9870372883475
1,0,1,1,1,0,0,1,0,1,1,139.1190807802067
1,0,1,1,1,0,0,1,1,1,1,170.7621660127956
1,0,1,1,1,0,1,0,0,0,1,134.9576879698808
1,0,0,1,0,1,0,0,0,0,0,68.5839846444289
1,0,1,1,1,0,1,0,0,1,1,171.7328166943289
1,0,1,1,1,0,1,1,0,0,1,119.8087725885906
1,0,1,1,1,0,1,1,0,1,1,156.5839013130387
1,0,1,1,1,0,1,0,1,0,1,164.2586491155897
1,0,1,1,1,0,1,1,1,0,1,151.4518578211795
1,0,1,1,1,0,1,0,1,1,1,201.0337778400378
1,0,1,1,1,0,1,1,1,1,1,188.2269865456276
1,1,1,1,1,0,0,0,0,0,1,135.5577134191409
1,1,1,1,1,0,0,0,0,1,1,172.332842143589
1,1,1,1,1,0,0,0,1,0,1,162.9553509036298
1,0,0,1,0,1,0,0,0,1,0,105.35911336887699
1,1,1,1,1,0,0,0,1,1,1,199.73047962807792
1,1,1,1,1,0,1,0,0,0,1,154.99064118800288
1,1,1,1,1,0,1,0,1,0,1,182.3882786724918
1,1,1,1,1,0,1,0,0,1,1,191.765769912451
1,1,1,1,1,0,1,0,1,1,1,219.1634073969399
1,1,1,1,1,0,0,1,0,0,1,120.4087980378507
1,1,1,1,1,0,0,1,0,1,1,157.1839267622988
1,1,1,1,1,0,1,1,0,0,1,139.8417258067127
1,1,1,1,1,0,1,1,0,1,1,176.61685453116078
1,1,1,1,1,0,0,1,1,0,1,150.1485596092196
1,0,0,1,0,1,0,0,1,0,0,98.64285204403782
1,1,1,1,1,0,1,1,1,0,1,169.5814873780816
1,1,1,1,1,0,0,1,1,1,1,186.9236883336677
1,1,1,1,1,0,1,1,1,1,1,206.3566161025297
1,0,1,1,1,1,0,0,0,0,1,141.4952135378433
1,0,1,1,1,1,0,0,0,1,1,178.27034226229142
1,0,1,1,1,1,0,0,1,0,1,186.16837544615223
1,0,1,1,1,1,0,0,1,1,1,222.94350417060033
1,0,1,1,1,1,0,1,0,0,1,126.34629815655312
1,0,1,1,1,1,0,1,1,0,1,173.36158415174202
1,0,1,1,1,1,0,1,0,1,1,163.1214268810012
